1,乢,244,山,573,乙
2,乱,13,舌,573,乙
3,乳,20,孚,573,乙
4,什,122,亻,671,十
5,仁,122,亻,793,二
6,仂,122,亻,432,力
7,仆,122,亻,243,卜
8,仇,122,亻,400,九
9,仍,122,亻,92,乃
10,从,173,人,363,人
11,仏,122,亻,104,厶
12,仔,122,亻,636,子
13,仕,122,亻,3,士
14,他,122,亻,548,也
15,仗,122,亻,905,丈
16,付,122,亻,153,寸
17,仙,122,亻,196,山
18,仟,122,亻,170,千
19,代,122,亻,519,弋
20,仭,122,亻,351,刄
21,仮,122,亻,703,反
22,仰,122,亻,715,卬
23,仲,122,亻,497,中
24,件,122,亻,81,牛
25,价,122,亻,364,介
26,任,122,亻,652,壬
27,伉,122,亻,298,亢
28,伊,122,亻,716,尹
29,伍,122,亻,87,五
30,伎,122,亻,224,支
31,伏,122,亻,240,犬
32,伐,122,亻,849,戈
33,休,122,亻,909,木
34,伜,122,亻,215,卆
35,伝,122,亻,309,云
36,伯,122,亻,156,白
37,估,122,亻,392,古
38,伴,122,亻,792,半
39,伶,122,亻,782,令
40,伸,122,亻,142,申
41,伺,122,亻,503,司
42,似,122,亻,349,以
43,伽,122,亻,532,加
44,佃,122,亻,381,田
45,但,122,亻,395,旦
46,位,122,亻,407,立
47,住,122,亻,38,主
48,佐,122,亻,834,左
49,佑,122,亻,44,右
50,体,122,亻,415,本
51,何,122,亻,242,可
52,佗,122,亻,488,它
53,佚,122,亻,249,失
54,佛,122,亻,168,弗
55,作,122,亻,464,乍
56,佝,122,亻,618,句
57,佞,190,仁,622,仁
58,佯,122,亻,163,羊
59,佰,122,亻,699,百
60,佳,122,亻,43,圭
61,併,122,亻,134,并
62,佶,122,亻,531,吉
63,佻,122,亻,145,兆
64,佼,122,亻,314,交
65,使,122,亻,444,吏
66,侈,122,亻,367,多
67,例,122,亻,837,列
68,侍,122,亻,75,寺
69,侏,122,亻,274,朱
70,侑,122,亻,365,有
71,侘,122,亻,414,宅
72,供,122,亻,550,共
73,依,122,亻,212,衣
74,侠,122,亻,768,夾
75,価,122,亻,439,襾
76,侫,122,亻,859,妄
77,侭,122,亻,94,尽
78,侮,122,亻,930,毎
79,侶,122,亻,839,呂
80,便,122,亻,529,更
81,係,122,亻,845,系
82,促,122,亻,709,足
83,俄,122,亻,425,我
84,俊,122,亻,106,夋
85,俐,122,亻,713,利
86,俑,122,亻,78,甬
87,俔,122,亻,183,見
88,俗,122,亻,108,谷
89,俘,122,亻,17,孚
90,俚,122,亻,232,里
91,俛,122,亻,506,免
92,保,122,亻,428,呆
93,俟,122,亻,620,矣
94,信,122,亻,320,言
95,俤,122,亻,915,弟
96,俥,122,亻,870,車
97,俯,122,亻,463,府
98,俳,122,亻,45,非
99,俵,122,亻,270,表
100,俶,122,亻,62,叔
101,俸,122,亻,2,奉
102,俺,122,亻,194,奄
103,倅,122,亻,844,卒
104,倆,122,亻,593,兩
105,個,122,亻,574,固
106,們,122,亻,336,門
107,倒,122,亻,20,到
108,倔,122,亻,137,屈
109,倖,122,亻,236,幸
110,倚,122,亻,721,奇
111,借,122,亻,795,昔
112,倡,122,亻,380,昌
113,倣,122,亻,317,放
114,値,122,亻,603,直
115,倥,122,亻,316,空
116,倦,122,亻,355,卷
117,倨,122,亻,294,居
118,倩,122,亻,587,青
119,倪,122,亻,934,兒
120,倫,122,亻,455,侖
121,倬,122,亻,128,卓
122,倭,122,亻,182,委
123,倶,122,亻,344,具
124,倹,122,亻,93,僉
125,偈,122,亻,858,曷
126,偉,122,亻,806,韋
127,偏,122,亻,675,扁
128,偐,122,亻,143,彦
129,偕,122,亻,76,皆
130,偖,122,亻,461,者
131,做,122,亻,264,故
132,停,122,亻,261,亭
133,健,122,亻,937,建
134,偬,122,亻,513,怱
135,偲,122,亻,427,思
136,側,122,亻,674,則
137,偵,122,亻,401,貞
138,偶,122,亻,448,禺
139,偸,122,亻,767,兪
140,偽,122,亻,523,為
141,傀,122,亻,449,鬼
142,傍,122,亻,169,旁
143,傑,122,亻,521,桀
144,傚,122,亻,445,效
145,催,122,亻,114,崔
146,傭,122,亻,234,庸
147,傲,122,亻,501,敖
148,傳,122,亻,327,專
149,傴,122,亻,897,區
150,債,122,亻,629,責
151,傾,122,亻,822,頃
152,僂,122,亻,898,婁
153,働,122,亻,889,動
154,像,122,亻,326,象
155,僑,122,亻,453,喬
156,僕,122,亻,661,菐
157,僖,122,亻,796,喜
158,僞,122,亻,21,爲
159,僣,122,亻,873,替
160,僥,122,亻,908,堯
161,僧,122,亻,68,曽
162,僮,122,亻,166,童
163,價,122,亻,568,賈
164,僻,122,亻,932,辟
165,儀,122,亻,429,義
166,儁,122,亻,938,雋
167,儂,122,亻,725,農
168,億,122,亻,557,意
169,儉,122,亻,93,僉
170,儒,122,亻,469,需
171,儔,122,亻,754,壽
172,儕,122,亻,306,齊
173,儖,122,亻,216,監
174,儘,122,亻,722,盡
175,儚,122,亻,417,夢
176,償,122,亻,728,賞
177,優,122,亻,717,憂
178,儲,122,亻,73,諸
179,儷,122,亻,872,麗
180,儺,122,亻,353,難
181,儻,122,亻,648,黨
182,儼,122,亻,637,嚴
183,兢,223,克,906,克
184,冰,34,冫,408,水
185,冱,34,冫,628,互
186,冲,34,冫,497,中
187,决,34,冫,396,夬
188,冴,34,冫,337,牙
189,况,34,冫,769,兄
190,冶,34,冫,864,台
191,冷,34,冫,782,令
192,冽,34,冫,837,列
193,凄,34,冫,540,妻
194,凅,34,冫,574,固
195,准,34,冫,582,隹
196,凉,34,冫,8,京
197,凋,34,冫,342,周
198,凍,34,冫,638,東
199,凛,34,冫,639,禀
200,凜,34,冫,97,稟
201,凝,34,冫,157,疑
202,凱,26,豈,302,几
203,切,103,七,421,刀
204,刈,150,乂,303,刂
205,刊,75,干,303,刂
206,刋,209,千,303,刂
207,刎,142,勿,303,刂
208,刑,205,幵,303,刂
209,刔,219,夬,303,刂
210,列,208,歹,303,刂
211,初,54,衤,421,刀
212,判,80,半,303,刂
213,刧,286,去,421,刀
214,利,58,禾,303,刂
215,刪,33,冊,303,刂
216,刮,13,舌,303,刂
217,到,154,至,303,刂
218,刳,225,夸,303,刂
219,刺,38,朿,303,刂
220,刻,168,亥,303,刂
221,剃,235,弟,303,刂
222,則,236,貝,303,刂
223,削,97,肖,303,刂
224,剌,128,束,303,刂
225,剏,163,并,351,刄
226,剔,64,易,303,刂
227,剛,28,岡,303,刂
228,剞,5,奇,303,刂
229,剣,112,僉,303,刂
230,剤,282,斉,303,刂
231,副,46,畐,303,刂
232,剰,96,乗,303,刂
233,剱,112,僉,351,刄
234,割,184,害,303,刂
235,剳,125,荅,303,刂
236,剴,26,豈,303,刂
237,創,135,倉,303,刂
238,剽,102,票,303,刂
239,剿,59,巣,303,刂
240,劃,169,畫,303,刂
241,劍,112,僉,303,刂
242,劑,104,齊,303,刂
243,劔,112,僉,351,刄
244,功,189,工,432,力
245,加,260,力,16,口
246,助,151,且,432,力
247,劫,286,去,432,力
248,劬,181,句,432,力
249,劭,45,召,432,力
250,効,121,交,432,力
251,劼,79,吉,432,力
252,劾,168,亥,432,力
253,勃,114,孛,432,力
254,勅,128,束,432,力
255,勍,14,京,432,力
256,勒,1,革,432,力
257,動,73,重,432,力
258,勘,93,甚,432,力
259,勝,279,月,125,劵
260,勣,199,責,432,力
261,勤,171,菫,432,力
262,勦,59,巣,432,力
263,勳,141,熏,432,力
264,匏,225,夸,654,包
265,化,122,亻,775,匕
266,博,245,十,751,尃
267,卦,55,圭,243,卜
268,即,77,艮,203,卩
269,却,286,去,203,卩
270,卻,127,谷,203,卩
271,双,233,又,192,又
272,取,98,耳,192,又
273,叙,274,余,192,又
274,叛,80,半,703,反
275,叡,92,睿,192,又
276,叨,19,口,421,刀
277,叩,19,口,203,卩
278,叫,19,口,386,丩
279,叭,19,口,67,八
280,叮,19,口,409,丁
281,叱,19,口,549,七
282,叶,19,口,671,十
283,叺,19,口,126,入
284,吁,19,口,231,于
285,吃,19,口,885,乞
286,吋,19,口,153,寸
287,吐,19,口,37,土
288,吟,19,口,238,今
289,吠,19,口,240,犬
290,吩,19,口,510,分
291,听,19,口,197,斤
292,吭,19,口,298,亢
293,吮,19,口,10,允
294,吶,19,口,227,内
295,吸,19,口,457,及
296,吹,19,口,90,欠
297,吻,19,口,118,勿
298,吼,19,口,442,孔
299,吽,19,口,81,牛
300,呀,19,口,337,牙
301,呎,19,口,572,尺
302,呟,19,口,283,玄
303,呪,19,口,769,兄
304,呱,19,口,785,瓜
305,味,19,口,443,未
306,呵,19,口,242,可
307,呶,19,口,827,奴
308,呷,19,口,575,甲
309,呻,19,口,142,申
310,呼,19,口,673,乎
311,咀,19,口,598,且
312,咄,19,口,779,出
313,咆,19,口,654,包
314,咋,19,口,464,乍
315,和,58,禾,16,口
316,咏,19,口,911,永
317,咐,19,口,851,付
318,咤,19,口,414,宅
319,咥,19,口,600,至
320,咬,19,口,314,交
321,咯,19,口,933,各
322,咲,19,口,735,关
323,咳,19,口,356,亥
324,咽,19,口,901,因
325,咾,19,口,891,老
326,哂,19,口,379,西
327,哄,19,口,550,共
328,哇,19,口,43,圭
329,哈,19,口,98,合
330,哘,19,口,697,行
331,哢,19,口,816,弄
332,哦,19,口,425,我
333,哨,19,口,544,肖
334,哩,19,口,232,里
335,哮,19,口,694,孝
336,哺,19,口,672,甫
337,哽,19,口,529,更
338,唄,19,口,916,貝
339,唆,19,口,106,夋
340,唏,19,口,433,希
341,唔,19,口,741,吾
342,唖,19,口,730,亜
343,唯,19,口,582,隹
344,唱,19,口,380,昌
345,唳,19,口,121,戻
346,唸,19,口,879,念
347,唹,19,口,333,於
348,唾,19,口,811,垂
349,啄,19,口,410,豕
350,啅,19,口,128,卓
351,啌,19,口,316,空
352,啖,19,口,480,炎
353,啝,19,口,369,和
354,啣,19,口,247,卸
355,啼,19,口,526,帝
356,啾,19,口,116,秋
357,喀,19,口,288,客
358,喃,19,口,389,南
359,喇,19,口,237,剌
360,喉,19,口,883,侯
361,喊,19,口,359,咸
362,喙,19,口,135,彖
363,喚,19,口,368,奐
364,喝,19,口,858,曷
365,喞,19,口,12,即
366,喟,19,口,254,胃
367,喧,19,口,440,宣
368,喨,19,口,420,亮
369,喩,19,口,767,兪
370,喫,19,口,855,契
371,喰,19,口,354,食
372,喻,19,口,767,兪
373,嗄,19,口,256,夏
374,嗅,19,口,815,臭
375,嗔,19,口,700,眞
376,嗚,19,口,103,烏
377,嗜,19,口,160,耆
378,嗟,19,口,204,差
379,嗤,19,口,361,蚩
380,嗷,19,口,501,敖
381,嗹,19,口,79,連
382,嗾,19,口,83,族
383,嘔,19,口,897,區
384,嘖,19,口,629,責
385,嘘,19,口,936,虚
386,嘛,19,口,491,麻
387,嘩,19,口,949,華
388,嘯,19,口,141,肅
389,嘱,19,口,912,属
390,嘲,19,口,921,朝
391,嘴,19,口,209,觜
392,嘶,19,口,86,斯
393,嘸,19,口,917,無
394,噂,19,口,838,尊
395,噌,19,口,68,曽
396,噎,19,口,744,壹
397,噛,19,口,292,歯
398,噤,19,口,11,禁
399,噫,19,口,557,意
400,噬,19,口,691,筮
401,噴,19,口,293,賁
402,噸,19,口,370,頓
403,噺,19,口,233,新
404,嚀,19,口,95,寧
405,嚆,19,口,941,蒿
406,嚇,19,口,179,赫
407,嚊,19,口,563,鼻
408,嚠,19,口,804,劉
409,嚥,19,口,794,燕
410,嚶,19,口,900,嬰
411,嚼,19,口,454,爵
412,囀,19,口,304,轉
413,囁,19,口,495,聶
414,囃,19,口,393,雜
415,囈,19,口,762,藝
416,囎,19,口,419,贈
417,囑,19,口,338,屬
418,囓,19,口,807,齧
419,圦,51,土,126,入
420,地,51,土,548,也
421,圷,51,土,640,下
422,圸,51,土,196,山
423,圻,51,土,197,斤
424,址,51,土,422,止
425,坂,51,土,703,反
426,均,51,土,733,匀
427,坊,51,土,951,方
428,坎,51,土,90,欠
429,坏,51,土,589,不
430,坑,51,土,298,亢
431,坡,51,土,500,皮
432,坤,51,土,142,申
433,坦,51,土,395,旦
434,坩,51,土,924,甘
435,坪,51,土,372,平
436,坿,51,土,851,付
437,垉,51,土,654,包
438,垓,51,土,356,亥
439,垠,51,土,789,艮
440,垢,51,土,632,后
441,垣,51,土,868,亘
442,垤,51,土,600,至
443,垪,51,土,134,并
444,垳,51,土,697,行
445,埃,51,土,620,矣
446,埆,51,土,757,角
447,埋,51,土,232,里
448,城,51,土,199,成
449,埔,51,土,672,甫
450,埖,51,土,411,花
451,域,51,土,567,或
452,埠,51,土,154,阜
453,埣,51,土,844,卒
454,埴,51,土,603,直
455,執,12,幸,788,丸
456,埼,51,土,721,奇
457,堀,51,土,137,屈
458,堆,51,土,582,隹
459,堋,51,土,190,朋
460,堝,51,土,772,咼
461,堤,51,土,481,是
462,堪,51,土,77,甚
463,場,51,土,447,昜
464,堵,51,土,461,者
465,堺,51,土,399,界
466,塀,51,土,22,屏
467,塊,51,土,449,鬼
468,塒,51,土,80,時
469,塔,51,土,107,荅
470,塘,51,土,23,唐
471,塙,51,土,881,高
472,塚,51,土,766,冢
473,塡,51,土,700,眞
474,塢,51,土,103,烏
475,填,51,土,486,真
476,境,51,土,332,竟
477,増,51,土,68,曽
478,墟,51,土,936,虚
479,墫,51,土,838,尊
480,墳,51,土,293,賁
481,墸,51,土,913,著
482,墹,51,土,255,間
483,墺,51,土,66,奧
484,墻,51,土,262,嗇
485,壇,51,土,760,亶
486,壌,51,土,742,襄
487,壕,51,土,765,豪
488,壗,51,土,722,盡
489,壙,51,土,339,廣
490,壜,51,土,646,曇
491,壤,51,土,742,襄
492,壮,264,⺦,3,士
493,壯,105,爿,3,士
494,壻,7,士,861,胥
495,外,136,夕,243,卜
496,夘,136,夕,203,卩
497,夥,210,果,367,多
498,奴,256,女,192,又
499,奸,256,女,525,干
500,好,256,女,636,子
501,妁,256,女,340,勺
502,如,256,女,16,口
503,妃,256,女,850,己
504,妊,256,女,652,壬
505,妍,256,女,895,幵
506,妓,256,女,224,支
507,妖,256,女,371,夭
508,妙,256,女,18,少
509,妝,105,爿,926,女
510,妣,256,女,929,比
511,妨,256,女,951,方
512,妬,256,女,738,石
513,妲,256,女,395,旦
514,妹,256,女,443,未
515,姆,256,女,40,母
516,姉,256,女,295,市
517,始,256,女,864,台
518,姐,256,女,598,且
519,姑,256,女,392,古
520,姓,256,女,167,生
521,姙,256,女,581,任
522,姚,256,女,145,兆
523,姥,256,女,891,老
524,姨,256,女,940,夷
525,姪,256,女,600,至
526,姫,256,女,374,臣
527,姶,256,女,98,合
528,姻,256,女,901,因
529,娃,256,女,43,圭
530,娘,256,女,46,良
531,娚,256,女,535,男
532,娜,256,女,541,那
533,娠,256,女,798,辰
534,娥,256,女,425,我
535,娩,256,女,506,免
536,娯,256,女,770,呉
537,娵,256,女,774,取
538,娼,256,女,380,昌
539,婀,256,女,434,阿
540,婉,256,女,799,宛
541,婚,256,女,825,昏
542,婦,256,女,437,帚
543,婿,256,女,861,胥
544,媒,256,女,813,某
545,媚,256,女,130,眉
546,媛,256,女,516,爰
547,媽,256,女,485,馬
548,媾,256,女,321,冓
549,嫁,256,女,200,家
550,嫂,256,女,583,叟
551,嫉,256,女,502,疾
552,嫋,256,女,287,弱
553,嫌,256,女,893,兼
554,嫐,198,娚,926,女
555,嫖,256,女,84,票
556,嫗,256,女,897,區
557,嫣,256,女,187,焉
558,嫦,256,女,551,常
559,嫩,256,女,28,敕
560,嫺,256,女,255,間
561,嫻,256,女,119,閑
562,嬉,256,女,796,喜
563,嬋,256,女,918,單
564,嬌,256,女,453,喬
565,嬢,256,女,742,襄
566,嬪,256,女,755,賓
567,嬬,256,女,469,需
568,嬲,86,男,385,娚
569,嬶,256,女,563,鼻
570,嬾,256,女,430,頼
571,孀,256,女,207,霜
572,孃,256,女,742,襄
573,孔,207,子,573,乙
574,孜,207,子,840,攵
575,孤,207,子,785,瓜
576,孩,207,子,356,亥
577,孫,207,子,845,系
578,孰,196,享,788,丸
579,孵,204,卵,17,孚
580,孺,207,子,469,需
581,対,99,文,153,寸
582,封,55,圭,153,寸
583,射,21,身,153,寸
584,尠,93,甚,18,少
585,就,14,京,113,尤
586,屹,244,山,885,乞
587,岐,244,山,224,支
588,岨,244,山,598,且
589,岫,244,山,69,由
590,岬,244,山,575,甲
591,岷,244,山,89,民
592,岼,244,山,372,平
593,岾,244,山,576,占
594,峅,244,山,188,弁
595,峙,244,山,75,寺
596,峡,244,山,611,夹
597,峨,244,山,425,我
598,峪,244,山,108,谷
599,峭,244,山,544,肖
600,峺,244,山,529,更
601,峽,244,山,768,夾
602,崎,244,山,721,奇
603,崘,244,山,455,侖
604,崛,244,山,137,屈
605,崢,244,山,660,爭
606,嵋,244,山,130,眉
607,嵎,244,山,448,禺
608,嵯,244,山,204,差
609,嵶,244,山,287,弱
610,嶂,244,山,668,章
611,嶇,244,山,897,區
612,嶋,244,山,821,鳥
613,嶝,244,山,478,登
614,嶢,244,山,908,堯
615,嶬,244,山,429,義
616,嶮,244,山,93,僉
617,嶼,244,山,553,與
618,巧,189,工,910,丂
619,帆,172,巾,131,凡
620,帖,172,巾,576,占
621,帙,172,巾,249,失
622,帰,94,刂,437,帚
623,帳,172,巾,4,長
624,帷,172,巾,582,隹
625,帽,172,巾,289,冒
626,幀,172,巾,401,貞
627,幃,172,巾,806,韋
628,幄,172,巾,846,屋
629,幅,172,巾,269,畐
630,幌,172,巾,268,晃
631,幎,172,巾,890,冥
632,幔,172,巾,865,曼
633,幗,172,巾,743,國
634,幟,172,巾,663,音
635,幡,172,巾,927,番
636,幢,172,巾,166,童
637,幵,75,干,525,干
638,幼,266,幺,432,力
639,引,259,弓,70,丨
640,弘,259,弓,104,厶
641,弛,259,弓,548,也
642,弥,259,弓,773,尓
643,弦,259,弓,283,玄
644,弧,259,弓,785,瓜
645,弭,259,弓,808,耳
646,張,259,弓,4,長
647,弸,259,弓,190,朋
648,弾,259,弓,542,単
649,彁,259,弓,781,哥
650,彈,259,弓,918,單
651,彌,259,弓,15,爾
652,形,205,幵,596,彡
653,彩,241,采,596,彡
654,彫,152,周,596,彡
655,彬,267,林,836,杉
656,彰,242,章,596,彡
657,影,117,景,596,彡
658,彷,31,彳,951,方
659,役,31,彳,35,殳
660,彼,31,彳,500,皮
661,彿,31,彳,168,弗
662,往,31,彳,38,主
663,征,31,彳,482,正
664,徂,31,彳,598,且
665,徃,31,彳,167,生
666,径,31,彳,384,圣
667,待,31,彳,75,寺
668,徇,31,彳,657,旬
669,很,31,彳,789,艮
670,徊,31,彳,405,回
671,律,31,彳,536,聿
672,徐,31,彳,701,余
673,徒,31,彳,945,走
674,徘,31,彳,45,非
675,徠,31,彳,777,來
676,御,31,彳,247,卸
677,徨,31,彳,63,皇
678,復,31,彳,244,复
679,循,31,彳,630,盾
680,忖,6,忄,153,寸
681,忙,6,忄,625,亡
682,忤,6,忄,150,午
683,快,6,忄,396,夬
684,忰,6,忄,215,卆
685,忸,6,忄,352,丑
686,忻,6,忄,197,斤
687,怏,6,忄,217,央
688,怐,6,忄,618,句
689,怖,6,忄,552,布
690,怙,6,忄,392,古
691,怛,6,忄,395,旦
692,怜,6,忄,782,令
693,怡,6,忄,864,台
694,怦,6,忄,372,平
695,性,6,忄,167,生
696,怩,6,忄,376,尼
697,怪,6,忄,384,圣
698,怫,6,忄,168,弗
699,怯,6,忄,954,去
700,怺,6,忄,911,永
701,恂,6,忄,657,旬
702,恃,6,忄,75,寺
703,恆,6,忄,219,亙
704,恍,6,忄,214,光
705,恒,6,忄,868,亘
706,恟,6,忄,55,匈
707,恠,6,忄,817,在
708,恢,6,忄,605,灰
709,恤,6,忄,597,血
710,恥,98,耳,856,心
711,恨,6,忄,789,艮
712,恪,6,忄,933,各
713,恫,6,忄,241,同
714,恬,6,忄,731,舌
715,恰,6,忄,98,合
716,悃,6,忄,56,困
717,悄,6,忄,544,肖
718,悋,6,忄,698,吝
719,悌,6,忄,915,弟
720,悍,6,忄,545,旱
721,悒,6,忄,296,邑
722,悔,6,忄,930,毎
723,悖,6,忄,310,孛
724,悗,6,忄,506,免
725,悚,6,忄,319,束
726,悟,6,忄,741,吾
727,悦,6,忄,823,兌
728,悧,6,忄,713,利
729,悴,6,忄,844,卒
730,悵,6,忄,4,長
731,悸,6,忄,571,季
732,悼,6,忄,128,卓
733,悽,6,忄,540,妻
734,情,6,忄,587,青
735,惆,6,忄,342,周
736,惇,6,忄,884,享
737,惓,6,忄,355,卷
738,惘,6,忄,6,罔
739,惚,6,忄,732,忽
740,惜,6,忄,795,昔
741,惟,6,忄,582,隹
742,惧,6,忄,344,具
743,惨,6,忄,852,参
744,惶,6,忄,63,皇
745,惺,6,忄,651,星
746,惻,6,忄,674,則
747,愀,6,忄,116,秋
748,愃,6,忄,440,宣
749,愉,6,忄,767,兪
750,愕,6,忄,271,咢
751,愡,6,忄,513,怱
752,愧,6,忄,449,鬼
753,愴,6,忄,331,倉
754,愼,6,忄,700,眞
755,愾,6,忄,659,氣
756,慄,6,忄,723,栗
757,慊,6,忄,893,兼
758,慌,6,忄,225,荒
759,慎,6,忄,486,真
760,慓,6,忄,84,票
761,慘,6,忄,41,參
762,慚,6,忄,259,斬
763,慟,6,忄,889,動
764,慢,6,忄,865,曼
765,慣,6,忄,202,貫
766,慥,6,忄,462,造
767,慨,6,忄,64,既
768,慱,6,忄,327,專
769,慳,6,忄,54,堅
770,慴,6,忄,291,習
771,慵,6,忄,234,庸
772,慷,6,忄,144,康
773,憎,6,忄,68,曽
774,憔,6,忄,650,焦
775,憚,6,忄,918,單
776,憤,6,忄,293,賁
777,憧,6,忄,166,童
778,憫,6,忄,554,閔
779,憬,6,忄,559,景
780,憮,6,忄,917,無
781,憶,6,忄,557,意
782,憾,6,忄,394,感
783,懈,6,忄,24,解
784,懊,6,忄,66,奧
785,懍,6,忄,97,稟
786,懦,6,忄,469,需
787,懶,6,忄,430,頼
788,懼,6,忄,584,瞿
789,懾,6,忄,495,聶
790,懿,27,壹,631,恣
791,戝,236,貝,849,戈
792,戡,93,甚,849,戈
793,戦,95,単,849,戈
794,戯,268,虚,849,戈
795,戰,237,單,849,戈
796,所,187,戸,197,斤
797,扎,284,扌,573,乙
798,打,284,扌,409,丁
799,払,284,扌,104,厶
800,扛,284,扌,148,工
801,扞,284,扌,525,干
802,扠,284,扌,272,叉
803,扣,284,扌,16,口
804,扨,284,扌,351,刄
805,扮,284,扌,510,分
806,扱,284,扌,457,及
807,扶,284,扌,615,夫
808,批,284,扌,929,比
809,扼,284,扌,451,厄
810,找,284,扌,849,戈
811,技,284,扌,224,支
812,抂,284,扌,102,王
813,抃,284,扌,265,卞
814,抄,284,扌,18,少
815,抉,284,扌,396,夬
816,把,284,扌,498,巴
817,抒,284,扌,925,予
818,抓,284,扌,146,爪
819,抔,284,扌,589,不
820,投,284,扌,35,殳
821,抖,284,扌,239,斗
822,抗,284,扌,298,亢
823,折,284,扌,197,斤
824,抜,284,扌,667,友
825,択,284,扌,572,尺
826,披,284,扌,500,皮
827,抬,284,扌,864,台
828,抱,284,扌,654,包
829,抵,284,扌,499,氐
830,抹,284,扌,569,末
831,抻,284,扌,142,申
832,押,284,扌,575,甲
833,抽,284,扌,69,由
834,拂,284,扌,168,弗
835,担,284,扌,395,旦
836,拆,284,扌,82,斥
837,拇,284,扌,40,母
838,拈,284,扌,576,占
839,拉,284,扌,407,立
840,拊,284,扌,851,付
841,拌,284,扌,792,半
842,拍,284,扌,156,白
843,拑,284,扌,924,甘
844,拒,284,扌,832,巨
845,拓,284,扌,738,石
846,拔,284,扌,240,犬
847,拗,284,扌,585,幼
848,拘,284,扌,618,句
849,拙,284,扌,779,出
850,招,284,扌,32,召
851,拠,284,扌,459,処
852,拡,284,扌,776,広
853,括,284,扌,731,舌
854,拭,284,扌,245,式
855,拮,284,扌,531,吉
856,拯,284,扌,343,丞
857,拱,284,扌,550,共
858,拵,284,扌,162,存
859,拷,284,扌,475,考
860,拾,284,扌,98,合
861,持,284,扌,75,寺
862,挂,284,扌,43,圭
863,指,284,扌,60,旨
864,按,284,扌,577,安
865,挌,284,扌,933,各
866,挑,284,扌,145,兆
867,挟,284,扌,611,夹
868,挧,284,扌,311,羽
869,挨,284,扌,620,矣
870,挫,284,扌,608,坐
871,振,284,扌,798,辰
872,挺,284,扌,281,廷
873,挽,284,扌,506,免
874,挾,284,扌,768,夾
875,捉,284,扌,709,足
876,捌,284,扌,539,別
877,捍,284,扌,545,旱
878,捕,284,扌,672,甫
879,捗,284,扌,48,歩
880,捜,284,扌,583,叟
881,捧,284,扌,2,奉
882,捨,284,扌,474,舎
883,捩,284,扌,121,戻
884,捫,284,扌,336,門
885,据,284,扌,294,居
886,捲,284,扌,34,巻
887,捶,284,扌,811,垂
888,捺,284,扌,750,奈
889,捻,284,扌,879,念
890,掀,284,扌,944,欣
891,掃,284,扌,437,帚
892,授,284,扌,109,受
893,掉,284,扌,128,卓
894,掎,284,扌,721,奇
895,排,284,扌,45,非
896,掖,284,扌,335,夜
897,掘,284,扌,137,屈
898,掛,284,扌,756,卦
899,掟,284,扌,362,定
900,掠,284,扌,8,京
901,採,284,扌,669,采
902,接,284,扌,267,妾
903,控,284,扌,316,空
904,推,284,扌,582,隹
905,掩,284,扌,194,奄
906,措,284,扌,795,昔
907,掫,284,扌,774,取
908,掲,284,扌,858,曷
909,掴,284,扌,894,国
910,掵,284,扌,115,命
911,掾,284,扌,135,彖
912,揀,284,扌,753,柬
913,揃,284,扌,479,前
914,揄,284,扌,767,兪
915,揆,284,扌,14,癸
916,揉,284,扌,490,柔
917,描,284,扌,662,苗
918,提,284,扌,481,是
919,揚,284,扌,447,昜
920,換,284,扌,368,奐
921,握,284,扌,846,屋
922,揩,284,扌,76,皆
923,揮,284,扌,318,軍
924,援,284,扌,516,爰
925,揶,284,扌,702,耶
926,揺,284,扌,322,䍃
927,搆,284,扌,321,冓
928,損,284,扌,275,員
929,搓,284,扌,204,差
930,搗,284,扌,680,島
931,搜,284,扌,583,叟
932,搦,284,扌,287,弱
933,搬,284,扌,29,般
934,搭,284,扌,107,荅
935,搶,284,扌,331,倉
936,携,284,扌,406,隽
937,搾,284,扌,520,窄
938,摑,284,扌,743,國
939,摧,284,扌,114,崔
940,摶,284,扌,327,專
941,摸,284,扌,685,莫
942,摺,284,扌,291,習
943,撈,284,扌,614,勞
944,撒,284,扌,388,散
945,撓,284,扌,908,堯
946,撕,284,扌,86,斯
947,撚,284,扌,30,然
948,撞,284,扌,166,童
949,撥,284,扌,720,發
950,撫,284,扌,917,無
951,播,284,扌,927,番
952,撮,284,扌,747,最
953,撰,284,扌,476,巽
954,撲,284,扌,661,菐
955,撹,284,扌,560,覚
956,撻,284,扌,561,達
957,撼,284,扌,394,感
958,擁,284,扌,835,雍
959,擂,284,扌,136,雷
960,擅,284,扌,760,亶
961,擒,284,扌,824,禽
962,擠,284,扌,306,齊
963,擡,284,扌,842,臺
964,擣,284,扌,754,壽
965,擦,284,扌,952,察
966,擬,284,扌,157,疑
967,擯,284,扌,755,賓
968,擱,284,扌,460,閣
969,擲,284,扌,914,鄭
970,擴,284,扌,339,廣
971,擶,284,扌,867,箭
972,擺,284,扌,315,罷
973,擽,284,扌,706,樂
974,擾,284,扌,717,憂
975,攅,284,扌,566,賛
976,攘,284,扌,742,襄
977,攝,284,扌,495,聶
978,攤,284,扌,353,難
979,攪,284,扌,828,覺
980,攫,284,扌,790,矍
981,攬,284,扌,31,覽
982,改,155,己,878,攴
983,攻,189,工,878,攴
984,放,283,方,878,攴
985,政,22,正,878,攴
986,故,211,古,878,攴
987,效,121,交,840,攵
988,敍,274,余,878,攴
989,敏,261,毎,878,攴
990,救,29,求,878,攴
991,敕,128,束,878,攴
992,敗,236,貝,878,攴
993,敘,274,余,840,攵
994,教,269,孝,878,攴
995,敞,156,尚,840,攵
996,敦,196,享,840,攵
997,敬,240,苟,878,攴
998,敲,194,高,878,攴
999,敷,109,旉,878,攴
1000,數,213,婁,840,攵
1001,斂,112,僉,840,攵
1002,斌,99,文,297,武
1003,料,17,米,239,斗
1004,斛,39,角,239,斗
1005,斜,274,余,239,斗
1006,斟,93,甚,239,斗
1007,斫,16,石,197,斤
1008,斬,178,車,197,斤
1009,斯,2,其,197,斤
1010,旙,283,方,927,番
1011,既,77,艮,435,旡
1012,旧,84,丨,780,日
1013,旺,67,日,102,王
1014,明,67,日,711,月
1015,映,67,日,217,央
1016,昧,67,日,443,未
1017,昨,67,日,464,乍
1018,昭,67,日,32,召
1019,昵,67,日,376,尼
1020,昶,228,永,780,日
1021,昿,67,日,776,広
1022,時,67,日,75,寺
1023,晄,67,日,214,光
1024,晒,67,日,379,西
1025,晞,67,日,433,希
1026,晤,67,日,741,吾
1027,晦,67,日,930,毎
1028,晧,67,日,99,告
1029,晩,67,日,506,免
1030,晰,67,日,152,析
1031,晴,67,日,587,青
1032,暁,67,日,653,尭
1033,暄,67,日,440,宣
1034,暉,67,日,318,軍
1035,暎,67,日,208,英
1036,暖,67,日,516,爰
1037,暗,67,日,663,音
1038,暘,67,日,447,昜
1039,暝,67,日,890,冥
1040,暢,177,申,447,昜
1041,暾,67,日,397,敦
1042,曄,67,日,949,華
1043,曉,67,日,908,堯
1044,曖,67,日,472,愛
1045,曙,67,日,133,署
1046,曚,67,日,266,蒙
1047,曝,67,日,165,暴
1048,曠,67,日,339,廣
1049,曦,67,日,313,羲
1050,朋,279,月,711,月
1051,朏,279,月,779,出
1052,朖,279,月,46,良
1053,朗,57,良,711,月
1054,朞,2,其,711,月
1055,期,2,其,711,月
1056,朦,279,月,266,蒙
1057,朧,279,月,132,龍
1058,札,227,木,573,乙
1059,朴,227,木,243,卜
1060,朷,227,木,421,刀
1061,朸,227,木,432,力
1062,机,227,木,302,几
1063,朽,227,木,910,丂
1064,杁,227,木,126,入
1065,杆,227,木,525,干
1066,杉,227,木,596,彡
1067,材,227,木,122,才
1068,村,227,木,153,寸
1069,杓,227,木,340,勺
1070,杖,227,木,905,丈
1071,杙,227,木,519,弋
1072,杜,227,木,37,土
1073,杞,227,木,850,己
1074,杠,227,木,148,工
1075,杣,227,木,196,山
1076,杤,227,木,714,万
1077,杪,227,木,18,少
1078,杭,227,木,298,亢
1079,杯,227,木,589,不
1080,杵,227,木,150,午
1081,杷,227,木,498,巴
1082,杼,227,木,925,予
1083,松,227,木,686,公
1084,板,227,木,703,反
1085,枅,227,木,895,幵
1086,枇,227,木,929,比
1087,枉,227,木,102,王
1088,枋,227,木,951,方
1089,枌,227,木,510,分
1090,析,227,木,197,斤
1091,林,227,木,909,木
1092,枚,227,木,878,攴
1093,枝,227,木,224,支
1094,枠,227,木,215,卆
1095,枡,227,木,213,升
1096,枢,227,木,193,区
1097,枦,227,木,375,戸
1098,枯,227,木,392,古
1099,枳,227,木,25,只
1100,枷,227,木,532,加
1101,枸,227,木,618,句
1102,枹,227,木,654,包
1103,柁,227,木,488,它
1104,柄,227,木,446,丙
1105,柆,227,木,407,立
1106,柊,227,木,591,冬
1107,柎,227,木,851,付
1108,柑,227,木,924,甘
1109,柘,227,木,738,石
1110,柚,227,木,69,由
1111,柝,227,木,82,斥
1112,柞,227,木,464,乍
1113,柤,227,木,598,且
1114,柧,227,木,785,瓜
1115,柮,227,木,779,出
1116,柯,227,木,242,可
1117,柱,227,木,38,主
1118,柳,227,木,903,卯
1119,柵,227,木,749,冊
1120,柾,227,木,482,正
1121,柿,227,木,295,市
1122,栂,227,木,40,母
1123,栓,227,木,656,全
1124,栖,227,木,379,西
1125,校,227,木,314,交
1126,栢,227,木,699,百
1127,栩,227,木,311,羽
1128,株,227,木,274,朱
1129,栫,227,木,162,存
1130,栲,227,木,475,考
1131,核,227,木,356,亥
1132,根,227,木,789,艮
1133,格,227,木,933,各
1134,桁,227,木,697,行
1135,桂,227,木,43,圭
1136,桃,227,木,145,兆
1137,框,227,木,558,匡
1138,桍,227,木,907,夸
1139,桎,227,木,600,至
1140,桐,227,木,241,同
1141,桓,227,木,868,亘
1142,桔,227,木,531,吉
1143,桙,227,木,117,牟
1144,桝,227,木,830,舛
1145,桟,227,木,919,戋
1146,档,227,木,517,当
1147,桧,227,木,441,会
1148,桴,227,木,17,孚
1149,桶,227,木,78,甬
1150,桷,227,木,757,角
1151,桾,227,木,1,君
1152,桿,227,木,545,旱
1153,梃,227,木,281,廷
1154,梅,227,木,930,毎
1155,梍,227,木,300,皀
1156,梏,227,木,99,告
1157,梓,227,木,221,辛
1158,梔,227,木,390,巵
1159,梗,227,木,529,更
1160,梛,227,木,541,那
1161,梠,227,木,839,呂
1162,梢,227,木,544,肖
1163,梧,227,木,741,吾
1164,梯,227,木,915,弟
1165,械,227,木,758,戒
1166,梱,227,木,56,困
1167,梳,227,木,692,㐬
1168,梶,227,木,831,尾
1169,梹,227,木,483,兵
1170,梼,227,木,155,寿
1171,棆,227,木,455,侖
1172,棉,227,木,950,帛
1173,棋,227,木,465,其
1174,棍,227,木,704,昆
1175,棒,227,木,2,奉
1176,棔,227,木,825,昏
1177,棕,227,木,71,宗
1178,棘,38,朿,759,朿
1179,棚,227,木,190,朋
1180,棟,227,木,638,東
1181,棡,227,木,19,岡
1182,棣,227,木,53,隶
1183,棧,227,木,876,戔
1184,棯,227,木,879,念
1185,棲,227,木,540,妻
1186,棹,227,木,128,卓
1187,棺,227,木,164,官
1188,椀,227,木,799,宛
1189,椁,227,木,884,享
1190,椄,227,木,267,妾
1191,椅,227,木,721,奇
1192,椋,227,木,8,京
1193,椌,227,木,316,空
1194,植,227,木,603,直
1195,椎,227,木,582,隹
1196,椏,227,木,871,亞
1197,椒,227,木,62,叔
1198,椙,227,木,380,昌
1199,椚,227,木,336,門
1200,椛,227,木,411,花
1201,検,227,木,93,僉
1202,椡,227,木,20,到
1203,椢,227,木,894,国
1204,椣,227,木,61,典
1205,椥,227,木,626,知
1206,椦,227,木,125,劵
1207,椨,227,木,463,府
1208,椪,227,木,458,並
1209,椰,227,木,702,耶
1210,椴,227,木,724,段
1211,椹,227,木,77,甚
1212,椽,227,木,135,彖
1213,椿,227,木,562,春
1214,楊,227,木,447,昜
1215,楓,227,木,366,風
1216,楔,227,木,855,契
1217,楜,227,木,58,胡
1218,楝,227,木,753,柬
1219,楠,227,木,389,南
1220,楡,227,木,767,兪
1221,楢,227,木,151,酋
1222,楮,227,木,461,者
1223,楯,227,木,630,盾
1224,楳,227,木,813,某
1225,楴,227,木,526,帝
1226,極,227,木,621,亟
1227,楷,227,木,76,皆
1228,楸,227,木,116,秋
1229,楹,227,木,624,盈
1230,楼,227,木,898,婁
1231,楾,227,木,688,泉
1232,榁,227,木,599,室
1233,概,227,木,64,既
1234,榊,227,木,230,神
1235,榎,227,木,256,夏
1236,榔,227,木,818,郎
1237,榕,227,木,740,容
1238,榛,227,木,843,秦
1239,榜,227,木,169,旁
1240,榠,227,木,890,冥
1241,榧,227,木,492,匪
1242,榱,227,木,139,衰
1243,榴,227,木,848,留
1244,榾,227,木,745,骨
1245,榿,227,木,746,豈
1246,槁,227,木,881,高
1247,槇,227,木,700,眞
1248,槊,69,朔,909,木
1249,構,227,木,321,冓
1250,槌,227,木,222,追
1251,槍,227,木,331,倉
1252,槎,227,木,204,差
1253,槐,227,木,449,鬼
1254,槓,227,木,129,貢
1255,槙,227,木,486,真
1256,槝,227,木,680,島
1257,槞,227,木,705,竜
1258,槨,227,木,819,郭
1259,槫,227,木,327,專
1260,槭,227,木,570,戚
1261,槲,227,木,761,斛
1262,槹,227,木,138,皐
1263,槻,227,木,177,規
1264,槽,227,木,186,曹
1265,樅,227,木,341,從
1266,樋,227,木,377,通
1267,樌,227,木,202,貫
1268,樒,227,木,586,密
1269,樓,227,木,898,婁
1270,樔,227,木,512,巣
1271,標,227,木,84,票
1272,樞,227,木,897,區
1273,樟,227,木,668,章
1274,模,227,木,685,莫
1275,樢,227,木,821,鳥
1276,横,227,木,514,黄
1277,樫,227,木,54,堅
1278,樵,227,木,650,焦
1279,樶,227,木,747,最
1280,樺,227,木,949,華
1281,樽,227,木,838,尊
1282,橄,227,木,431,敢
1283,橇,227,木,147,毳
1284,橈,227,木,908,堯
1285,橋,227,木,453,喬
1286,橙,227,木,478,登
1287,機,227,木,578,幾
1288,橡,227,木,326,象
1289,橢,227,木,206,隋
1290,橦,227,木,166,童
1291,橲,227,木,796,喜
1292,橸,227,木,812,晶
1293,檀,227,木,760,亶
1294,檍,227,木,557,意
1295,檎,227,木,824,禽
1296,檜,227,木,246,會
1297,檢,227,木,93,僉
1298,檣,227,木,262,嗇
1299,檪,227,木,786,楽
1300,檬,227,木,266,蒙
1301,檮,227,木,754,壽
1302,檳,227,木,755,賓
1303,檸,227,木,95,寧
1304,檻,227,木,216,監
1305,櫁,227,木,896,蜜
1306,櫃,227,木,946,匱
1307,櫓,227,木,887,魯
1308,櫚,227,木,65,閭
1309,櫛,227,木,91,節
1310,櫞,227,木,201,縁
1311,櫟,227,木,706,樂
1312,櫨,227,木,100,盧
1313,櫪,227,木,412,歴
1314,櫻,227,木,900,嬰
1315,欄,227,木,537,闌
1316,欅,227,木,413,擧
1317,欖,227,木,31,覽
1318,欟,227,木,307,觀
1319,次,34,冫,90,欠
1320,欣,246,斤,90,欠
1321,欧,234,区,90,欠
1322,欲,127,谷,90,欠
1323,欷,262,希,90,欠
1324,欸,185,矣,90,欠
1325,欹,5,奇,90,欠
1326,欺,2,其,90,欠
1327,欽,263,金,90,欠
1328,歇,160,曷,90,欠
1329,歉,203,兼,90,欠
1330,歐,212,區,90,欠
1331,歔,268,虚,90,欠
1332,歙,89,翕,90,欠
1333,歛,112,僉,90,欠
1334,歟,110,與,90,欠
1335,此,247,止,775,匕
1336,殀,208,歹,371,夭
1337,殃,208,歹,217,央
1338,殆,208,歹,864,台
1339,殉,208,歹,657,旬
1340,殊,208,歹,274,朱
1341,残,208,歹,919,戋
1342,殍,208,歹,17,孚
1343,殖,208,歹,603,直
1344,殘,208,歹,876,戔
1345,殞,208,歹,275,員
1346,殪,208,歹,744,壹
1347,殫,208,歹,918,單
1348,殯,208,歹,755,賓
1349,殱,208,歹,26,裁
1350,殴,234,区,35,殳
1351,殻,229,壳,35,殳
1352,毆,212,區,35,殳
1353,毓,261,毎,692,㐬
1354,氈,42,亶,953,毛
1355,氓,193,亡,89,民
1356,氾,111,氵,203,卩
1357,汀,111,氵,409,丁
1358,汁,111,氵,671,十
1359,汎,111,氵,131,凡
1360,汐,111,氵,841,夕
1361,汕,111,氵,196,山
1362,汗,111,氵,525,干
1363,汝,111,氵,926,女
1364,江,111,氵,148,工
1365,池,111,氵,548,也
1366,汢,111,氵,37,土
1367,汨,111,氵,780,日
1368,汪,111,氵,102,王
1369,汰,111,氵,33,太
1370,汲,111,氵,457,及
1371,汳,111,氵,703,反
1372,決,111,氵,396,夬
1373,汽,111,氵,74,气
1374,汾,111,氵,510,分
1375,沁,111,氵,856,心
1376,沂,111,氵,197,斤
1377,沃,111,氵,371,夭
1378,沈,111,氵,763,冘
1379,沌,111,氵,299,屯
1380,沍,111,氵,628,互
1381,沐,111,氵,909,木
1382,沖,111,氵,497,中
1383,沙,111,氵,18,少
1384,沚,111,氵,422,止
1385,沛,111,氵,295,市
1386,没,111,氵,35,殳
1387,沢,111,氵,572,尺
1388,沫,111,氵,569,末
1389,沮,111,氵,598,且
1390,沱,111,氵,488,它
1391,河,111,氵,242,可
1392,沸,111,氵,168,弗
1393,油,111,氵,69,由
1394,沺,111,氵,381,田
1395,治,111,氵,864,台
1396,沼,111,氵,32,召
1397,沽,111,氵,392,古
1398,沾,111,氵,576,占
1399,沿,111,氵,263,㕣
1400,況,111,氵,769,兄
1401,泄,111,氵,684,世
1402,泅,111,氵,820,囚
1403,泊,111,氵,156,白
1404,泌,111,氵,658,必
1405,泓,111,氵,647,弘
1406,法,111,氵,954,去
1407,泙,111,氵,372,平
1408,泛,111,氵,248,乏
1409,泝,111,氵,82,斥
1410,泡,111,氵,654,包
1411,波,111,氵,500,皮
1412,泣,111,氵,407,立
1413,泥,111,氵,376,尼
1414,注,111,氵,38,主
1415,泪,111,氵,494,目
1416,泯,111,氵,89,民
1417,泱,111,氵,217,央
1418,泳,111,氵,911,永
1419,洋,111,氵,163,羊
1420,洌,111,氵,837,列
1421,洒,111,氵,379,西
1422,洗,111,氵,939,先
1423,洙,111,氵,274,朱
1424,洛,111,氵,933,各
1425,洞,111,氵,241,同
1426,洟,111,氵,940,夷
1427,津,111,氵,536,聿
1428,洩,111,氵,257,曳
1429,洪,111,氵,550,共
1430,洫,111,氵,597,血
1431,洲,111,氵,676,州
1432,洳,111,氵,253,如
1433,洵,111,氵,657,旬
1434,洶,111,氵,55,匈
1435,洸,111,氵,214,光
1436,活,111,氵,731,舌
1437,洽,111,氵,98,合
1438,派,111,氵,579,𠂢
1439,流,111,氵,692,㐬
1440,浄,111,氵,403,争
1441,浅,111,氵,919,戋
1442,浙,111,氵,181,折
1443,浜,111,氵,483,兵
1444,浣,111,氵,670,完
1445,浤,111,氵,328,宏
1446,浦,111,氵,672,甫
1447,浩,111,氵,99,告
1448,浪,111,氵,46,良
1449,浬,111,氵,232,里
1450,浮,111,氵,17,孚
1451,浴,111,氵,108,谷
1452,海,111,氵,930,毎
1453,浹,111,氵,768,夾
1454,消,111,氵,544,肖
1455,涌,111,氵,78,甬
1456,涎,111,氵,594,延
1457,涕,111,氵,915,弟
1458,涙,111,氵,121,戻
1459,涛,111,氵,155,寿
1460,涜,111,氵,787,売
1461,液,111,氵,335,夜
1462,涵,111,氵,426,函
1463,涸,111,氵,574,固
1464,涼,111,氵,8,京
1465,淀,111,氵,362,定
1466,淅,111,氵,152,析
1467,淆,111,氵,473,肴
1468,淇,111,氵,465,其
1469,淋,111,氵,695,林
1470,淌,111,氵,345,尚
1471,淑,111,氵,62,叔
1472,淒,111,氵,540,妻
1473,淙,111,氵,71,宗
1474,淞,111,氵,810,松
1475,淡,111,氵,480,炎
1476,淤,111,氵,333,於
1477,淦,111,氵,436,金
1478,淨,111,氵,660,爭
1479,淪,111,氵,455,侖
1480,淬,111,氵,844,卒
1481,淮,111,氵,582,隹
1482,淳,111,氵,884,享
1483,混,111,氵,704,昆
1484,淹,111,氵,194,奄
1485,淺,111,氵,876,戔
1486,清,111,氵,587,青
1487,渇,111,氵,858,曷
1488,済,111,氵,223,斉
1489,渉,111,氵,48,歩
1490,渓,111,氵,857,奚
1491,渙,111,氵,368,奐
1492,渚,111,氵,461,者
1493,減,111,氵,359,咸
1494,渝,111,氵,767,兪
1495,渟,111,氵,261,亭
1496,渡,111,氵,235,度
1497,渣,111,氵,635,査
1498,渤,111,氵,325,勃
1499,渥,111,氵,846,屋
1500,渦,111,氵,772,咼
1501,測,111,氵,674,則
1502,渭,111,氵,254,胃
1503,渮,111,氵,935,苛
1504,港,111,氵,348,巷
1505,渺,111,氵,13,眇
1506,渾,111,氵,318,軍
1507,湃,111,氵,72,拜
1508,湊,111,氵,665,奏
1509,湎,111,氵,595,面
1510,湖,111,氵,58,胡
1511,湘,111,氵,619,相
1512,湛,111,氵,77,甚
1513,湟,111,氵,63,皇
1514,湧,111,氵,877,勇
1515,湫,111,氵,116,秋
1516,湯,111,氵,447,昜
1517,湲,111,氵,516,爰
1518,湶,111,氵,688,泉
1519,湾,111,氵,284,弯
1520,満,111,氵,466,廿
1521,溂,111,氵,237,剌
1522,溌,111,氵,530,発
1523,溏,111,氵,23,唐
1524,源,111,氵,173,原
1525,溘,111,氵,110,盍
1526,溜,111,氵,848,留
1527,溝,111,氵,321,冓
1528,溟,111,氵,890,冥
1529,溢,111,氵,305,益
1530,溪,111,氵,857,奚
1531,溯,111,氵,57,朔
1532,溲,111,氵,583,叟
1533,溶,111,氵,740,容
1534,溺,111,氵,287,弱
1535,溽,111,氵,641,辱
1536,滂,111,氵,169,旁
1537,滄,111,氵,331,倉
1538,滉,111,氵,268,晃
1539,滋,111,氵,687,兹
1540,滌,111,氵,778,條
1541,滑,111,氵,745,骨
1542,滓,111,氵,229,宰
1543,滝,111,氵,705,竜
1544,滞,111,氵,226,帯
1545,滬,111,氵,383,扈
1546,滯,111,氵,96,帶
1547,滲,111,氵,41,參
1548,滷,111,氵,330,鹵
1549,滸,111,氵,737,許
1550,滾,111,氵,171,袞
1551,漁,111,氵,149,魚
1552,漂,111,氵,84,票
1553,漆,111,氵,748,桼
1554,漉,111,氵,220,鹿
1555,漑,111,氵,64,既
1556,演,111,氵,869,寅
1557,漕,111,氵,186,曹
1558,漠,111,氵,685,莫
1559,漣,111,氵,79,連
1560,漫,111,氵,865,曼
1561,漬,111,氵,629,責
1562,漲,111,氵,178,張
1563,漸,111,氵,259,斬
1564,潔,111,氵,655,絜
1565,潘,111,氵,927,番
1566,潜,111,氵,873,替
1567,潟,111,氵,783,舄
1568,潤,111,氵,218,閏
1569,潭,111,氵,880,覃
1570,潮,111,氵,921,朝
1571,潯,111,氵,172,尋
1572,潰,111,氵,59,貴
1573,潴,111,氵,601,猪
1574,潺,111,氵,127,孱
1575,潼,111,氵,166,童
1576,澄,111,氵,478,登
1577,澆,111,氵,908,堯
1578,澎,111,氵,708,彭
1579,澗,111,氵,255,間
1580,澣,111,氵,642,幹
1581,澪,111,氵,456,零
1582,澱,111,氵,645,殿
1583,澳,111,氵,66,奧
1584,激,111,氵,664,敫
1585,濁,111,氵,176,蜀
1586,濂,111,氵,609,廉
1587,濃,111,氵,725,農
1588,濆,111,氵,293,賁
1589,濔,111,氵,15,爾
1590,濘,111,氵,95,寧
1591,濛,111,氵,266,蒙
1592,濟,111,氵,306,齊
1593,濠,111,氵,765,豪
1594,濡,111,氵,469,需
1595,濤,111,氵,754,壽
1596,濫,111,氵,216,監
1597,濬,111,氵,802,睿
1598,濮,111,氵,489,僕
1599,濱,111,氵,755,賓
1600,濺,111,氵,470,賤
1601,濾,111,氵,533,慮
1602,瀁,111,氵,39,養
1603,瀉,111,氵,120,寫
1604,瀋,111,氵,286,審
1605,瀏,111,氵,804,劉
1606,瀑,111,氵,165,暴
1607,瀕,111,氵,507,頻
1608,瀘,111,氵,100,盧
1609,瀚,111,氵,158,翰
1610,瀝,111,氵,412,歴
1611,瀞,111,氵,928,静
1612,瀟,111,氵,450,蕭
1613,瀦,111,氵,273,豬
1614,瀧,111,氵,132,龍
1615,瀬,111,氵,430,頼
1616,瀰,111,氵,736,彌
1617,瀲,111,氵,826,斂
1618,瀾,111,氵,537,闌
1619,灑,111,氵,872,麗
1620,灘,111,氵,353,難
1621,灣,111,氵,555,彎
1622,灯,174,火,409,丁
1623,灼,174,火,340,勺
1624,炉,174,火,375,戸
1625,炊,174,火,90,欠
1626,炒,174,火,18,少
1627,炬,174,火,832,巨
1628,炮,174,火,654,包
1629,炳,174,火,446,丙
1630,炸,174,火,464,乍
1631,烙,174,火,933,各
1632,烟,174,火,901,因
1633,烱,174,火,853,冏
1634,焜,174,火,704,昆
1635,焼,174,火,653,尭
1636,煉,174,火,638,東
1637,煌,174,火,63,皇
1638,煖,174,火,516,爰
1639,煤,174,火,813,某
1640,煥,174,火,368,奐
1641,煩,174,火,9,頁
1642,煬,174,火,447,昜
1643,煽,174,火,308,扇
1644,熄,174,火,416,息
1645,熔,174,火,740,容
1646,熕,174,火,129,貢
1647,熾,174,火,663,音
1648,燃,174,火,30,然
1649,燈,174,火,478,登
1650,燉,174,火,397,敦
1651,燒,174,火,908,堯
1652,燔,174,火,927,番
1653,燗,174,火,255,間
1654,燠,174,火,66,奧
1655,燦,174,火,948,粲
1656,燧,174,火,260,遂
1657,燬,174,火,860,毀
1658,燭,174,火,176,蜀
1659,燵,174,火,561,達
1660,燻,174,火,588,熏
1661,燼,174,火,722,盡
1662,爆,174,火,165,暴
1663,爍,174,火,706,樂
1664,爐,174,火,100,盧
1665,爛,174,火,537,闌
1666,爼,65,爻,598,且
1667,牀,105,爿,909,木
1668,牆,105,爿,262,嗇
1669,版,248,片,703,反
1670,牋,248,片,876,戔
1671,牌,248,片,829,卑
1672,牘,248,片,508,賣
1673,牝,100,牛,775,匕
1674,牡,100,牛,37,土
1675,牧,100,牛,878,攴
1676,物,100,牛,118,勿
1677,牲,100,牛,167,生
1678,特,100,牛,75,寺
1679,牾,100,牛,741,吾
1680,犒,100,牛,881,高
1681,犠,100,牛,429,義
1682,犢,100,牛,508,賣
1683,犧,100,牛,313,羲
1684,犯,254,⺨,689,㔾
1685,犲,254,⺨,122,才
1686,状,264,⺦,240,犬
1687,犹,254,⺨,113,尤
1688,狂,254,⺨,102,王
1689,狃,254,⺨,352,丑
1690,狄,254,⺨,612,火
1691,狆,254,⺨,497,中
1692,狎,254,⺨,575,甲
1693,狐,254,⺨,785,瓜
1694,狒,254,⺨,168,弗
1695,狗,254,⺨,618,句
1696,狙,254,⺨,598,且
1697,狠,254,⺨,789,艮
1698,狡,254,⺨,314,交
1699,狢,254,⺨,933,各
1700,狩,254,⺨,5,守
1701,独,254,⺨,504,虫
1702,狭,254,⺨,611,夹
1703,狸,254,⺨,232,里
1704,狹,254,⺨,768,夾
1705,狼,254,⺨,46,良
1706,狽,254,⺨,916,貝
1707,猊,254,⺨,934,兒
1708,猖,254,⺨,380,昌
1709,猗,254,⺨,721,奇
1710,猛,254,⺨,140,孟
1711,猜,254,⺨,587,青
1712,猝,254,⺨,844,卒
1713,猟,254,⺨,329,鼡
1714,猥,254,⺨,402,畏
1715,猩,254,⺨,651,星
1716,猪,254,⺨,461,者
1717,猫,254,⺨,662,苗
1718,献,202,南,240,犬
1719,猴,254,⺨,883,侯
1720,猶,254,⺨,151,酋
1721,猷,192,酋,240,犬
1722,猾,254,⺨,745,骨
1723,猿,254,⺨,534,袁
1724,獅,254,⺨,726,師
1725,獏,254,⺨,685,莫
1726,獗,254,⺨,42,厥
1727,獨,254,⺨,176,蜀
1728,獪,254,⺨,246,會
1729,獰,254,⺨,95,寧
1730,獺,254,⺨,430,頼
1731,玖,123,王,350,久
1732,玩,123,王,719,元
1733,玲,123,王,782,令
1734,玳,123,王,580,代
1735,玻,123,王,500,皮
1736,珂,123,王,242,可
1737,珈,123,王,532,加
1738,珊,123,王,749,冊
1739,珎,123,王,773,尓
1740,珞,123,王,933,各
1741,珠,123,王,274,朱
1742,珥,123,王,808,耳
1743,珪,123,王,43,圭
1744,珸,123,王,741,吾
1745,現,123,王,183,見
1746,球,123,王,251,求
1747,琅,123,王,46,良
1748,理,123,王,232,里
1749,琉,123,王,692,㐬
1750,琢,123,王,410,豕
1751,琥,123,王,357,虎
1752,琲,123,王,45,非
1753,琳,123,王,695,林
1754,琺,123,王,712,法
1755,琿,123,王,318,軍
1756,瑁,123,王,289,冒
1757,瑚,123,王,58,胡
1758,瑛,123,王,208,英
1759,瑜,123,王,767,兪
1760,瑠,123,王,848,留
1761,瑪,123,王,485,馬
1762,瑯,123,王,818,郎
1763,瑰,123,王,449,鬼
1764,瑳,123,王,204,差
1765,璋,123,王,668,章
1766,環,123,王,174,睘
1767,瓊,123,王,323,夐
1768,瓏,123,王,132,龍
1769,瓔,123,王,900,嬰
1770,瓠,225,夸,785,瓜
1771,瓢,102,票,785,瓜
1772,瓶,163,并,771,瓦
1773,甌,212,區,771,瓦
1774,甎,131,專,771,瓦
1775,甑,83,曽,771,瓦
1776,甜,13,舌,924,甘
1777,甥,206,生,535,男
1778,町,197,田,409,丁
1779,畉,197,田,615,夫
1780,畊,197,田,892,井
1781,畋,197,田,840,攵
1782,畍,197,田,364,介
1783,畑,174,火,381,田
1784,畔,197,田,792,半
1785,畤,197,田,75,寺
1786,略,197,田,933,各
1787,畦,197,田,43,圭
1788,畩,197,田,212,衣
1789,畭,197,田,701,余
1790,畴,197,田,155,寿
1791,畸,197,田,721,奇
1792,疇,197,田,754,壽
1793,疎,166,疋,319,束
1794,疏,166,疋,692,㐬
1795,皰,40,皮,654,包
1796,皷,182,鼓,500,皮
1797,皸,124,軍,500,皮
1798,皹,40,皮,318,軍
1799,皺,276,芻,500,皮
1800,相,227,木,494,目
1801,盻,35,目,862,兮
1802,眄,35,目,482,正
1803,眇,35,目,18,少
1804,眛,35,目,443,未
1805,眠,35,目,89,民
1806,眤,35,目,376,尼
1807,眦,35,目,613,此
1808,眩,35,目,283,玄
1809,眸,35,目,117,牟
1810,眺,35,目,145,兆
1811,眼,35,目,789,艮
1812,睇,35,目,915,弟
1813,睛,35,目,587,青
1814,睡,35,目,811,垂
1815,睨,35,目,934,兒
1816,睹,35,目,461,者
1817,瞋,35,目,700,眞
1818,瞎,35,目,874,害
1819,瞑,35,目,890,冥
1820,瞠,35,目,50,堂
1821,瞬,35,目,677,舜
1822,瞰,35,目,431,敢
1823,瞳,35,目,166,童
1824,瞶,35,目,59,貴
1825,瞹,35,目,472,愛
1826,瞼,35,目,93,僉
1827,矇,35,目,266,蒙
1828,矚,35,目,338,屬
1829,矜,191,矛,238,今
1830,知,183,矢,16,口
1831,矧,183,矢,301,引
1832,矩,183,矢,832,巨
1833,短,183,矢,943,豆
1834,矮,183,矢,182,委
1835,矯,183,矢,453,喬
1836,矼,16,石,148,工
1837,砂,16,石,18,少
1838,砌,16,石,452,切
1839,砒,16,石,929,比
1840,研,16,石,895,幵
1841,砕,16,石,215,卆
1842,砠,16,石,598,且
1843,砧,16,石,576,占
1844,砲,16,石,654,包
1845,破,16,石,500,皮
1846,砿,16,石,776,広
1847,硅,16,石,43,圭
1848,硝,16,石,544,肖
1849,硫,16,石,692,㐬
1850,硬,16,石,529,更
1851,硯,16,石,183,見
1852,硲,16,石,108,谷
1853,硴,16,石,411,花
1854,硼,16,石,190,朋
1855,碇,16,石,362,定
1856,碎,16,石,844,卒
1857,碑,16,石,829,卑
1858,碓,16,石,582,隹
1859,碕,16,石,721,奇
1860,碗,16,石,799,宛
1861,碣,16,石,858,曷
1862,碩,16,石,9,頁
1863,碪,16,石,77,甚
1864,碵,16,石,401,貞
1865,確,16,石,252,寉
1866,碼,16,石,485,馬
1867,碾,16,石,195,展
1868,磁,16,石,687,兹
1869,磅,16,石,169,旁
1870,磆,16,石,745,骨
1871,磋,16,石,204,差
1872,磑,16,石,746,豈
1873,磔,16,石,521,桀
1874,磚,16,石,327,專
1875,磧,16,石,629,責
1876,磯,16,石,578,幾
1877,磴,16,石,478,登
1878,磽,16,石,908,堯
1879,礁,16,石,650,焦
1880,礇,16,石,66,奧
1881,礎,16,石,920,楚
1882,礑,16,石,604,當
1883,礒,16,石,429,義
1884,礙,16,石,157,疑
1885,礦,16,石,339,廣
1886,礫,16,石,706,樂
1887,礼,106,礻,573,乙
1888,社,106,礻,37,土
1889,祀,165,示,85,巳
1890,祁,165,示,764,⻏
1891,祇,165,示,522,氏
1892,祈,106,礻,197,斤
1893,祉,106,礻,422,止
1894,祐,106,礻,44,右
1895,祕,165,示,658,必
1896,祖,106,礻,598,且
1897,祚,165,示,464,乍
1898,祝,106,礻,769,兄
1899,神,106,礻,142,申
1900,祠,165,示,503,司
1901,祢,106,礻,773,尓
1902,祥,106,礻,163,羊
1903,祷,106,礻,155,寿
1904,祺,165,示,465,其
1905,禅,106,礻,542,単
1906,禊,165,示,855,契
1907,禍,106,礻,772,咼
1908,禎,106,礻,401,貞
1909,福,106,礻,269,畐
1910,禧,165,示,796,喜
1911,禪,165,示,918,單
1912,禮,165,示,276,豊
1913,禰,165,示,15,爾
1914,禳,165,示,742,襄
1915,私,58,禾,104,厶
1916,秋,58,禾,612,火
1917,科,58,禾,239,斗
1918,秒,58,禾,18,少
1919,秕,58,禾,929,比
1920,秘,58,禾,658,必
1921,租,58,禾,598,且
1922,秣,58,禾,569,末
1923,秤,58,禾,372,平
1924,秧,58,禾,217,央
1925,秩,58,禾,249,失
1926,秬,58,禾,832,巨
1927,称,58,禾,773,尓
1928,移,58,禾,367,多
1929,稀,58,禾,433,希
1930,稈,58,禾,545,旱
1931,程,58,禾,484,呈
1932,稍,58,禾,544,肖
1933,税,58,禾,823,兌
1934,稔,58,禾,879,念
1935,稗,58,禾,829,卑
1936,稘,58,禾,465,其
1937,稙,58,禾,603,直
1938,稚,58,禾,582,隹
1939,稠,58,禾,342,周
1940,種,58,禾,784,重
1941,稼,58,禾,200,家
1942,稿,58,禾,881,高
1943,穂,58,禾,391,恵
1944,穃,58,禾,740,容
1945,穉,58,禾,211,犀
1946,積,58,禾,629,責
1947,穐,58,禾,278,亀
1948,穗,58,禾,88,惠
1949,穡,58,禾,262,嗇
1950,穢,58,禾,493,歳
1951,穣,58,禾,742,襄
1952,穰,58,禾,742,襄
1953,竍,230,立,671,十
1954,竏,230,立,170,千
1955,竓,230,立,953,毛
1956,竕,230,立,510,分
1957,站,230,立,576,占
1958,竝,230,立,407,立
1959,竡,230,立,699,百
1960,竢,230,立,620,矣
1961,竦,230,立,319,束
1962,竭,230,立,858,曷
1963,端,230,立,184,耑
1964,竰,230,立,931,厘
1965,竸,137,竟,332,竟
1966,籵,17,米,671,十
1967,籾,17,米,382,刃
1968,粁,17,米,170,千
1969,粃,17,米,929,比
1970,粉,17,米,510,分
1971,粋,17,米,215,卆
1972,粍,17,米,953,毛
1973,粐,17,米,375,戸
1974,粒,17,米,407,立
1975,粗,17,米,598,且
1976,粘,17,米,576,占
1977,粡,17,米,241,同
1978,粧,17,米,800,庄
1979,粨,17,米,699,百
1980,粫,17,米,175,而
1981,粭,17,米,98,合
1982,粮,17,米,46,良
1983,粳,17,米,529,更
1984,粹,17,米,844,卒
1985,粽,17,米,71,宗
1986,精,17,米,587,青
1987,糀,17,米,411,花
1988,糂,17,米,77,甚
1989,糅,17,米,490,柔
1990,糊,17,米,58,胡
1991,糎,17,米,931,厘
1992,糖,17,米,23,唐
1993,糘,17,米,200,家
1994,糟,17,米,186,曹
1995,糠,17,米,144,康
1996,糢,17,米,685,莫
1997,糧,17,米,718,量
1998,糯,17,米,469,需
1999,糺,56,糸,573,乙
2000,糾,56,糸,386,丩
2001,紀,56,糸,850,己
2002,紂,56,糸,153,寸
2003,約,56,糸,340,勺
2004,紅,56,糸,148,工
2005,紆,56,糸,231,于
2006,紋,56,糸,546,文
2007,納,56,糸,227,内
2008,紐,56,糸,352,丑
2009,純,56,糸,299,屯
2010,紕,56,糸,929,比
2011,紗,56,糸,18,少
2012,紙,56,糸,522,氏
2013,級,56,糸,457,及
2014,紛,56,糸,510,分
2015,紜,56,糸,309,云
2016,紡,56,糸,951,方
2017,紬,56,糸,69,由
2018,細,56,糸,381,田
2019,紲,56,糸,684,世
2020,紳,56,糸,142,申
2021,紹,56,糸,32,召
2022,紺,56,糸,924,甘
2023,紿,56,糸,864,台
2024,終,56,糸,591,冬
2025,絃,56,糸,283,玄
2026,組,56,糸,598,且
2027,絆,56,糸,792,半
2028,絋,56,糸,776,広
2029,経,56,糸,384,圣
2030,絎,56,糸,697,行
2031,絏,56,糸,257,曳
2032,結,56,糸,531,吉
2033,絖,56,糸,214,光
2034,絞,56,糸,314,交
2035,絡,56,糸,933,各
2036,絢,56,糸,657,旬
2037,絣,56,糸,134,并
2038,給,56,糸,98,合
2039,絨,56,糸,250,戎
2040,統,56,糸,228,充
2041,絲,56,糸,47,糸
2042,絵,56,糸,441,会
2043,絶,56,糸,690,色
2044,絹,56,糸,809,肙
2045,絽,56,糸,839,呂
2046,綉,56,糸,180,秀
2047,綏,56,糸,467,妥
2048,続,56,糸,787,売
2049,綛,56,糸,633,忍
2050,綜,56,糸,71,宗
2051,綟,56,糸,121,戻
2052,綢,56,糸,342,周
2053,綣,56,糸,355,卷
2054,綫,56,糸,876,戔
2055,綬,56,糸,109,受
2056,維,56,糸,582,隹
2057,綰,56,糸,164,官
2058,綱,56,糸,19,岡
2059,網,56,糸,6,罔
2060,綵,56,糸,669,采
2061,綸,56,糸,455,侖
2062,綺,56,糸,721,奇
2063,綻,56,糸,362,定
2064,綽,56,糸,128,卓
2065,綿,56,糸,950,帛
2066,緋,56,糸,45,非
2067,総,56,糸,27,忩
2068,緑,56,糸,617,彔
2069,緒,56,糸,461,者
2070,緕,56,糸,223,斉
2071,緘,56,糸,359,咸
2072,線,56,糸,688,泉
2073,緜,161,帛,845,系
2074,緞,56,糸,724,段
2075,締,56,糸,526,帝
2076,編,56,糸,675,扁
2077,緩,56,糸,516,爰
2078,緬,56,糸,595,面
2079,緯,56,糸,806,韋
2080,緲,56,糸,13,眇
2081,練,56,糸,638,東
2082,緻,56,糸,888,致
2083,縁,56,糸,135,彖
2084,縅,56,糸,496,威
2085,縉,56,糸,324,晉
2086,縊,56,糸,305,益
2087,縋,56,糸,222,追
2088,縒,56,糸,204,差
2089,縛,56,糸,751,尃
2090,縞,56,糸,881,高
2091,縟,56,糸,641,辱
2092,縡,56,糸,229,宰
2093,縣,270,県,845,系
2094,縦,56,糸,515,従
2095,縫,56,糸,280,逢
2096,縮,56,糸,511,宿
2097,縱,56,糸,341,從
2098,縲,56,糸,52,累
2099,縵,56,糸,865,曼
2100,縷,56,糸,898,婁
2101,縹,56,糸,84,票
2102,縺,56,糸,79,連
2103,績,56,糸,629,責
2104,繃,56,糸,418,崩
2105,繍,56,糸,111,粛
2106,織,56,糸,101,戠
2107,繕,56,糸,590,善
2108,繖,56,糸,388,散
2109,繙,56,糸,927,番
2110,繝,56,糸,255,間
2111,繞,56,糸,908,堯
2112,繦,56,糸,185,強
2113,繧,56,糸,854,雲
2114,繩,56,糸,547,黽
2115,繪,56,糸,246,會
2116,繻,56,糸,469,需
2117,繽,56,糸,755,賓
2118,繿,56,糸,216,監
2119,纃,56,糸,306,齊
2120,纈,56,糸,346,頡
2121,纉,56,糸,566,賛
2122,續,56,糸,508,賣
2123,纎,56,糸,26,裁
2124,纏,56,糸,649,廛
2125,纓,56,糸,900,嬰
2126,纜,56,糸,31,覽
2127,缸,243,缶,148,工
2128,缺,243,缶,396,夬
2129,罎,243,缶,646,曇
2130,羚,200,羊,782,令
2131,群,3,君,163,羊
2132,羯,200,羊,858,曷
2133,羶,200,羊,760,亶
2134,翊,230,立,311,羽
2135,翔,200,羊,311,羽
2136,翩,255,扁,311,羽
2137,翫,72,習,719,元
2138,翻,257,番,311,羽
2139,耐,214,而,153,寸
2140,耕,195,耒,892,井
2141,耗,195,耒,953,毛
2142,耘,195,耒,309,云
2143,耙,195,耒,498,巴
2144,耡,195,耒,477,助
2145,耨,195,耒,641,辱
2146,耶,98,耳,764,⻏
2147,耻,98,耳,422,止
2148,耿,98,耳,612,火
2149,聆,98,耳,782,令
2150,聊,98,耳,903,卯
2151,聒,98,耳,731,舌
2152,聢,98,耳,362,定
2153,職,98,耳,101,戠
2154,聹,98,耳,95,寧
2155,肆,8,長,536,聿
2156,肋,279,月,432,力
2157,肌,279,月,302,几
2158,肘,279,月,153,寸
2159,肚,279,月,37,土
2160,肛,279,月,148,工
2161,肝,279,月,525,干
2162,股,279,月,35,殳
2163,肢,279,月,224,支
2164,肥,279,月,498,巴
2165,肪,279,月,951,方
2166,肬,279,月,113,尤
2167,肭,279,月,227,内
2168,肺,279,月,295,市
2169,胆,279,月,395,旦
2170,胎,279,月,864,台
2171,胖,279,月,792,半
2172,胙,279,月,464,乍
2173,胚,279,月,487,丕
2174,胛,279,月,575,甲
2175,胞,279,月,654,包
2176,胡,211,古,711,月
2177,胯,279,月,907,夸
2178,胱,279,月,214,光
2179,胴,279,月,241,同
2180,胸,279,月,55,匈
2181,胼,279,月,134,并
2182,脂,279,月,60,旨
2183,脆,279,月,886,危
2184,脈,279,月,579,𠂢
2185,脉,279,月,911,永
2186,脚,279,月,710,却
2187,脯,279,月,672,甫
2188,脱,279,月,823,兌
2189,脹,279,月,4,長
2190,脾,279,月,829,卑
2191,腆,279,月,61,典
2192,腋,279,月,335,夜
2193,腑,279,月,463,府
2194,腓,279,月,45,非
2195,腔,279,月,316,空
2196,腕,279,月,799,宛
2197,腟,279,月,599,室
2198,腥,279,月,651,星
2199,腫,279,月,784,重
2200,腮,279,月,427,思
2201,腰,279,月,123,要
2202,腱,279,月,937,建
2203,腴,279,月,373,臾
2204,腸,279,月,447,昜
2205,腹,279,月,244,复
2206,腺,279,月,688,泉
2207,腿,279,月,387,退
2208,膀,279,月,169,旁
2209,膈,279,月,727,鬲
2210,膕,279,月,743,國
2211,膜,279,月,685,莫
2212,膣,279,月,814,窒
2213,膤,279,月,623,雪
2214,膨,279,月,708,彭
2215,膩,279,月,277,貳
2216,膰,279,月,927,番
2217,膳,279,月,590,善
2218,膵,279,月,942,萃
2219,膾,279,月,246,會
2220,膿,279,月,725,農
2221,臆,279,月,557,意
2222,臈,279,月,509,葛
2223,臉,279,月,93,僉
2224,臍,279,月,306,齊
2225,臑,279,月,469,需
2226,臓,279,月,904,蔵
2227,臙,279,月,794,燕
2228,臚,279,月,100,盧
2229,臟,279,月,606,藏
2230,臥,186,臣,363,人
2231,致,154,至,878,攴
2232,臻,154,至,843,秦
2233,舐,13,舌,522,氏
2234,舒,278,舍,925,予
2235,舖,278,舍,672,甫
2236,舘,278,舍,164,官
2237,舩,15,舟,686,公
2238,航,15,舟,298,亢
2239,舫,15,舟,951,方
2240,般,15,舟,35,殳
2241,舮,15,舟,375,戸
2242,舳,15,舟,69,由
2243,舵,15,舟,488,它
2244,舶,15,舟,156,白
2245,舷,15,舟,283,玄
2246,舸,15,舟,242,可
2247,船,15,舟,263,㕣
2248,艀,15,舟,17,孚
2249,艇,15,舟,281,廷
2250,艘,15,舟,583,叟
2251,艙,15,舟,331,倉
2252,艚,15,舟,186,曹
2253,艝,15,舟,623,雪
2254,艟,15,舟,166,童
2255,艢,15,舟,262,嗇
2256,艤,15,舟,429,義
2257,艦,15,舟,216,監
2258,艨,15,舟,266,蒙
2259,艪,15,舟,887,魯
2260,艫,15,舟,100,盧
2261,艶,52,豊,690,色
2262,艷,170,豐,690,色
2263,號,275,号,357,虎
2264,虹,43,虫,148,工
2265,虻,43,虫,625,亡
2266,蚊,43,虫,546,文
2267,蚋,43,虫,227,内
2268,蚓,43,虫,301,引
2269,蚣,43,虫,686,公
2270,蚪,43,虫,239,斗
2271,蚫,43,虫,654,包
2272,蚯,43,虫,739,丘
2273,蚰,43,虫,69,由
2274,蚶,43,虫,924,甘
2275,蛄,43,虫,392,古
2276,蛆,43,虫,598,且
2277,蛇,43,虫,488,它
2278,蛉,43,虫,782,令
2279,蛔,43,虫,405,回
2280,蛙,43,虫,43,圭
2281,蛛,43,虫,274,朱
2282,蛞,43,虫,731,舌
2283,蛟,43,虫,314,交
2284,蛤,43,虫,98,合
2285,蛭,43,虫,600,至
2286,蛯,43,虫,891,老
2287,蛸,43,虫,544,肖
2288,蛹,43,虫,78,甬
2289,蛻,43,虫,823,兌
2290,蛾,43,虫,425,我
2291,蜆,43,虫,183,見
2292,蜈,43,虫,770,呉
2293,蜉,43,虫,17,孚
2294,蜊,43,虫,713,利
2295,蜍,43,虫,701,余
2296,蜒,43,虫,594,延
2297,蜘,43,虫,626,知
2298,蜥,43,虫,152,析
2299,蜩,43,虫,342,周
2300,蜴,43,虫,285,易
2301,蜷,43,虫,355,卷
2302,蜻,43,虫,587,青
2303,蜿,43,虫,799,宛
2304,蝉,43,虫,542,単
2305,蝋,43,虫,329,鼡
2306,蝌,43,虫,564,科
2307,蝎,43,虫,858,曷
2308,蝓,43,虫,767,兪
2309,蝕,78,飠,504,虫
2310,蝗,43,虫,63,皇
2311,蝙,43,虫,675,扁
2312,蝟,43,虫,254,胃
2313,蝪,43,虫,447,昜
2314,蝴,43,虫,58,胡
2315,蝸,43,虫,772,咼
2316,螂,43,虫,818,郎
2317,融,10,鬲,504,虫
2318,螟,43,虫,890,冥
2319,螳,43,虫,50,堂
2320,螺,43,虫,52,累
2321,螻,43,虫,898,婁
2322,蟀,43,虫,602,率
2323,蟆,43,虫,685,莫
2324,蟋,43,虫,358,悉
2325,蟐,43,虫,551,常
2326,蟒,43,虫,124,莽
2327,蟠,43,虫,927,番
2328,蟯,43,虫,908,堯
2329,蟶,43,虫,527,聖
2330,蟷,43,虫,604,當
2331,蟻,43,虫,429,義
2332,蠅,43,虫,547,黽
2333,蠍,43,虫,752,歇
2334,蠏,43,虫,24,解
2335,蠑,43,虫,438,榮
2336,蠕,43,虫,469,需
2337,衂,149,血,351,刄
2338,衄,149,血,352,丑
2339,衫,54,衤,596,彡
2340,衲,54,衤,227,内
2341,衵,54,衤,780,日
2342,衽,54,衤,652,壬
2343,衿,54,衤,238,今
2344,袂,54,衤,396,夬
2345,袍,54,衤,654,包
2346,袒,54,衤,395,旦
2347,袖,54,衤,69,由
2348,袢,54,衤,792,半
2349,被,54,衤,500,皮
2350,袮,54,衤,773,尓
2351,袱,54,衤,607,伏
2352,袴,54,衤,907,夸
2353,袵,54,衤,581,任
2354,袷,54,衤,98,合
2355,袿,54,衤,43,圭
2356,裄,54,衤,697,行
2357,裕,54,衤,108,谷
2358,裙,54,衤,1,君
2359,補,54,衤,672,甫
2360,裡,54,衤,232,里
2361,裲,54,衤,593,兩
2362,裸,54,衤,643,果
2363,裼,54,衤,285,易
2364,裾,54,衤,294,居
2365,褂,54,衤,756,卦
2366,褄,54,衤,540,妻
2367,複,54,衤,244,复
2368,褊,54,衤,675,扁
2369,褌,54,衤,318,軍
2370,褐,54,衤,858,曷
2371,褓,54,衤,902,保
2372,褝,54,衤,542,単
2373,褥,54,衤,641,辱
2374,褪,54,衤,387,退
2375,褶,54,衤,291,習
2376,褸,54,衤,898,婁
2377,襁,54,衤,185,強
2378,襌,54,衤,918,單
2379,襍,54,衤,707,集
2380,襖,54,衤,863,奥
2381,襟,54,衤,11,禁
2382,襠,54,衤,604,當
2383,襤,54,衤,216,監
2384,襦,54,衤,469,需
2385,襪,54,衤,592,蔑
2386,襭,54,衤,346,頡
2387,襯,54,衤,198,親
2388,襴,54,衤,537,闌
2389,襷,54,衤,413,擧
2390,規,176,夫,183,見
2391,視,106,礻,183,見
2392,覗,44,司,183,見
2393,覘,133,占,183,見
2394,覡,49,巫,183,見
2395,覦,47,兪,183,見
2396,覩,287,者,183,見
2397,覬,26,豈,183,見
2398,覯,130,冓,183,見
2399,覿,53,賣,183,見
2400,觚,39,角,785,瓜
2401,触,39,角,504,虫
2402,觧,39,角,163,羊
2403,觸,39,角,176,蜀
2404,訂,129,言,409,丁
2405,訃,129,言,243,卜
2406,計,129,言,671,十
2407,訌,129,言,148,工
2408,討,129,言,153,寸
2409,訐,129,言,525,干
2410,訓,129,言,899,川
2411,訖,129,言,885,乞
2412,託,129,言,159,乇
2413,記,129,言,850,己
2414,訛,129,言,693,化
2415,訝,129,言,337,牙
2416,訟,129,言,686,公
2417,訣,129,言,396,夬
2418,訥,129,言,227,内
2419,訪,129,言,951,方
2420,設,129,言,35,殳
2421,許,129,言,150,午
2422,訳,129,言,572,尺
2423,訴,129,言,82,斥
2424,訶,129,言,242,可
2425,註,129,言,38,主
2426,証,129,言,482,正
2427,詁,129,言,392,古
2428,詐,129,言,464,乍
2429,詑,129,言,488,它
2430,詒,129,言,864,台
2431,詔,129,言,32,召
2432,評,129,言,372,平
2433,詛,129,言,598,且
2434,詞,129,言,503,司
2435,詠,129,言,911,永
2436,詢,129,言,657,旬
2437,詣,129,言,60,旨
2438,試,129,言,245,式
2439,詩,129,言,75,寺
2440,詫,129,言,414,宅
2441,詬,129,言,632,后
2442,詭,129,言,886,危
2443,詮,129,言,656,全
2444,詰,129,言,531,吉
2445,話,129,言,731,舌
2446,該,129,言,356,亥
2447,詳,129,言,163,羊
2448,詼,129,言,605,灰
2449,誂,129,言,145,兆
2450,誄,129,言,882,耒
2451,誅,129,言,274,朱
2452,誇,129,言,907,夸
2453,誌,129,言,801,志
2454,認,129,言,633,忍
2455,誑,129,言,875,狂
2456,誕,129,言,594,延
2457,誘,129,言,180,秀
2458,誚,129,言,544,肖
2459,語,129,言,741,吾
2460,誠,129,言,199,成
2461,誡,129,言,758,戒
2462,誣,129,言,36,巫
2463,誤,129,言,770,呉
2464,誥,129,言,99,告
2465,誦,129,言,78,甬
2466,誨,129,言,930,毎
2467,説,129,言,823,兌
2468,読,129,言,787,売
2469,誰,129,言,582,隹
2470,課,129,言,643,果
2471,誹,129,言,45,非
2472,誼,129,言,205,宜
2473,調,129,言,342,周
2474,諄,129,言,884,享
2475,談,129,言,480,炎
2476,請,129,言,587,青
2477,諌,129,言,638,東
2478,諍,129,言,660,爭
2479,諏,129,言,774,取
2480,諒,129,言,8,京
2481,論,129,言,455,侖
2482,諚,129,言,362,定
2483,諛,129,言,373,臾
2484,諞,129,言,675,扁
2485,諠,129,言,440,宣
2486,諢,129,言,318,軍
2487,諤,129,言,271,咢
2488,諦,129,言,526,帝
2489,諧,129,言,76,皆
2490,諫,129,言,753,柬
2491,諭,129,言,767,兪
2492,諮,129,言,290,咨
2493,諱,129,言,806,韋
2494,諳,129,言,663,音
2495,諷,129,言,366,風
2496,諸,129,言,461,者
2497,諺,129,言,143,彦
2498,諾,129,言,423,若
2499,謀,129,言,813,某
2500,謁,129,言,858,曷
2501,謂,129,言,254,胃
2502,謌,129,言,781,哥
2503,謎,129,言,189,迷
2504,謔,129,言,471,虐
2505,謗,129,言,169,旁
2506,謙,129,言,893,兼
2507,謚,129,言,305,益
2508,講,129,言,321,冓
2509,謝,129,言,847,射
2510,謡,129,言,322,䍃
2511,謨,129,言,685,莫
2512,謳,129,言,897,區
2513,謹,129,言,729,𦰌
2514,謾,129,言,865,曼
2515,譁,129,言,949,華
2516,證,129,言,478,登
2517,譌,129,言,21,爲
2518,譏,129,言,578,幾
2519,識,129,言,101,戠
2520,譚,129,言,880,覃
2521,譛,129,言,873,替
2522,譜,129,言,565,普
2523,議,129,言,429,義
2524,譲,129,言,742,襄
2525,譴,129,言,347,遣
2526,讀,129,言,508,賣
2527,讃,129,言,566,賛
2528,讌,129,言,794,燕
2529,讓,129,言,742,襄
2530,讚,129,言,528,贊
2531,谺,127,谷,337,牙
2532,谿,159,奚,108,谷
2533,豁,184,害,108,谷
2534,豌,273,豆,799,宛
2535,豚,279,月,410,豕
2536,豫,249,予,326,象
2537,豬,231,豕,461,者
2538,豹,144,豸,340,勺
2539,豺,144,豸,122,才
2540,豼,144,豸,929,比
2541,貂,144,豸,32,召
2542,貅,144,豸,803,休
2543,貉,144,豸,933,各
2544,貊,144,豸,699,百
2545,貌,144,豸,258,皃
2546,貍,144,豸,232,里
2547,貎,144,豸,934,兒
2548,貘,144,豸,685,莫
2549,財,236,貝,122,才
2550,販,236,貝,703,反
2551,貶,236,貝,248,乏
2552,貼,236,貝,576,占
2553,貽,236,貝,864,台
2554,賂,236,貝,933,各
2555,賊,236,貝,250,戎
2556,賍,236,貝,800,庄
2557,賎,236,貝,876,戔
2558,賑,236,貝,798,辰
2559,賜,236,貝,285,易
2560,賤,236,貝,876,戔
2561,賦,236,貝,297,武
2562,賭,236,貝,461,者
2563,賺,236,貝,893,兼
2564,購,236,貝,321,冓
2565,贈,236,貝,68,曽
2566,贐,236,貝,722,盡
2567,贓,236,貝,538,臧
2568,贖,236,貝,508,賣
2569,赦,167,赤,840,攵
2570,赫,167,赤,866,赤
2571,赭,167,赤,461,者
2572,趺,277,足,615,夫
2573,趾,277,足,422,止
2574,跂,277,足,224,支
2575,跌,277,足,249,失
2576,跏,277,足,532,加
2577,跖,277,足,738,石
2578,跚,277,足,749,冊
2579,跛,277,足,500,皮
2580,距,277,足,832,巨
2581,跟,277,足,789,艮
2582,跡,277,足,191,亦
2583,跣,277,足,939,先
2584,跨,277,足,907,夸
2585,跪,277,足,886,危
2586,路,277,足,933,各
2587,跳,277,足,145,兆
2588,践,277,足,919,戋
2589,跼,277,足,922,局
2590,跿,277,足,945,走
2591,踈,277,足,319,束
2592,踉,277,足,46,良
2593,踊,277,足,78,甬
2594,踏,277,足,7,沓
2595,踐,277,足,876,戔
2596,踝,277,足,643,果
2597,踞,277,足,294,居
2598,踟,277,足,626,知
2599,踪,277,足,71,宗
2600,踰,277,足,767,兪
2601,踴,277,足,877,勇
2602,踵,277,足,784,重
2603,蹂,277,足,490,柔
2604,蹄,277,足,526,帝
2605,蹉,277,足,204,差
2606,蹊,277,足,857,奚
2607,蹌,277,足,331,倉
2608,蹐,277,足,556,脊
2609,蹕,277,足,805,畢
2610,蹟,277,足,629,責
2611,蹠,277,足,543,庶
2612,蹤,277,足,341,從
2613,蹲,277,足,838,尊
2614,蹴,277,足,923,就
2615,蹶,277,足,42,厥
2616,躅,277,足,176,蜀
2617,躇,277,足,913,著
2618,躊,277,足,754,壽
2619,躋,277,足,306,齊
2620,躑,277,足,914,鄭
2621,躓,277,足,312,質
2622,躔,277,足,649,廛
2623,躡,277,足,495,聶
2624,躪,277,足,644,藺
2625,躬,21,身,682,弓
2626,躯,21,身,193,区
2627,躰,21,身,415,本
2628,躱,21,身,678,朶
2629,躾,21,身,404,美
2630,軅,21,身,524,雁
2631,軆,21,身,276,豊
2632,軈,21,身,505,應
2633,軋,178,車,573,乙
2634,軌,178,車,400,九
2635,軒,178,車,525,干
2636,軛,178,車,451,厄
2637,軟,178,車,90,欠
2638,転,178,車,309,云
2639,軸,178,車,69,由
2640,軻,178,車,242,可
2641,軼,178,車,249,失
2642,軽,178,車,384,圣
2643,軾,178,車,245,式
2644,較,178,車,314,交
2645,輅,178,車,933,各
2646,輊,178,車,600,至
2647,輌,178,車,334,両
2648,輓,178,車,506,免
2649,輔,178,車,672,甫
2650,輙,178,車,774,取
2651,輛,178,車,593,兩
2652,輝,271,光,318,軍
2653,輪,178,車,455,侖
2654,輳,178,車,665,奏
2655,輸,178,車,767,兪
2656,輾,178,車,195,展
2657,轄,178,車,874,害
2658,轅,178,車,534,袁
2659,轆,178,車,220,鹿
2660,轉,178,車,327,專
2661,轌,178,車,623,雪
2662,轎,178,車,453,喬
2663,轗,178,車,394,感
2664,轜,178,車,469,需
2665,轢,178,車,706,樂
2666,轣,178,車,412,歴
2667,轤,178,車,100,盧
2668,辞,13,舌,221,辛
2669,辣,281,辛,319,束
2670,邦,88,丰,764,⻏
2671,邨,90,屯,764,⻏
2672,邪,145,牙,764,⻏
2673,邯,250,甘,764,⻏
2674,邱,18,丘,764,⻏
2675,邵,45,召,764,⻏
2676,邸,41,氐,764,⻏
2677,郁,179,有,764,⻏
2678,郊,121,交,764,⻏
2679,郎,57,良,764,⻏
2680,郛,20,孚,764,⻏
2681,郡,3,君,764,⻏
2682,郢,23,呈,764,⻏
2683,郤,127,谷,764,⻏
2684,郭,196,享,764,⻏
2685,郵,107,垂,764,⻏
2686,都,287,者,764,⻏
2687,鄂,48,咢,764,⻏
2688,鄒,276,芻,764,⻏
2689,鄭,164,奠,764,⻏
2690,鄲,237,單,764,⻏
2691,酊,220,酉,409,丁
2692,酌,220,酉,340,勺
2693,配,220,酉,850,己
2694,酎,220,酉,153,寸
2695,酒,111,氵,398,酉
2696,酔,220,酉,215,卆
2697,酘,220,酉,35,殳
2698,酢,220,酉,464,乍
2699,酣,220,酉,924,甘
2700,酥,220,酉,49,禾
2701,酩,220,酉,634,名
2702,酪,220,酉,933,各
2703,酬,220,酉,676,州
2704,酲,220,酉,484,呈
2705,酵,220,酉,694,孝
2706,酷,220,酉,99,告
2707,酸,220,酉,106,夋
2708,醂,220,酉,695,林
2709,醇,220,酉,884,享
2710,醉,220,酉,844,卒
2711,醋,220,酉,795,昔
2712,醍,220,酉,481,是
2713,醐,220,酉,58,胡
2714,醒,220,酉,651,星
2715,醗,220,酉,530,発
2716,醜,220,酉,449,鬼
2717,醴,220,酉,276,豊
2718,醸,220,酉,742,襄
2719,醺,220,酉,588,熏
2720,釀,220,酉,742,襄
2721,釈,76,釆,572,尺
2722,釉,76,釆,69,由
2723,野,9,里,925,予
2724,釖,263,金,421,刀
2725,釘,263,金,409,丁
2726,釛,263,金,432,力
2727,針,263,金,671,十
2728,釟,263,金,67,八
2729,釣,263,金,340,勺
2730,釦,263,金,16,口
2731,釧,263,金,899,川
2732,釵,263,金,272,叉
2733,釶,263,金,548,也
2734,釼,263,金,351,刄
2735,釿,263,金,197,斤
2736,鈍,263,金,299,屯
2737,鈎,263,金,282,勾
2738,鈑,263,金,703,反
2739,鈔,263,金,18,少
2740,鈕,263,金,352,丑
2741,鈞,263,金,733,匀
2742,鈩,263,金,375,戸
2743,鈬,263,金,572,尺
2744,鈴,263,金,782,令
2745,鈷,263,金,392,古
2746,鈿,263,金,381,田
2747,鉄,263,金,249,失
2748,鉅,263,金,832,巨
2749,鉈,263,金,488,它
2750,鉉,263,金,283,玄
2751,鉋,263,金,654,包
2752,鉐,263,金,738,石
2753,鉗,263,金,924,甘
2754,鉚,263,金,903,卯
2755,鉛,263,金,263,㕣
2756,鉞,263,金,791,戉
2757,鉢,263,金,415,本
2758,鉤,263,金,618,句
2759,鉦,263,金,482,正
2760,鉱,263,金,776,広
2761,鉾,263,金,117,牟
2762,銀,263,金,789,艮
2763,銃,263,金,228,充
2764,銅,263,金,241,同
2765,銑,263,金,939,先
2766,銓,263,金,656,全
2767,銕,263,金,940,夷
2768,銖,263,金,274,朱
2769,銘,263,金,634,名
2770,銚,263,金,145,兆
2771,銛,263,金,731,舌
2772,銭,263,金,919,戋
2773,銷,263,金,544,肖
2774,銹,263,金,180,秀
2775,鋏,263,金,768,夾
2776,鋤,263,金,477,助
2777,鋩,263,金,279,芒
2778,鋪,263,金,672,甫
2779,鋭,263,金,823,兌
2780,鋲,263,金,483,兵
2781,鋳,263,金,155,寿
2782,鋸,263,金,294,居
2783,鋺,263,金,799,宛
2784,鋼,263,金,19,岡
2785,錆,263,金,587,青
2786,錏,263,金,871,亞
2787,錐,263,金,582,隹
2788,錘,263,金,811,垂
2789,錚,263,金,660,爭
2790,錠,263,金,362,定
2791,錢,263,金,876,戔
2792,錦,263,金,950,帛
2793,錨,263,金,662,苗
2794,錫,263,金,285,易
2795,錬,263,金,638,東
2796,錮,263,金,574,固
2797,錯,263,金,795,昔
2798,録,263,金,617,彔
2799,錵,263,金,411,花
2800,錺,263,金,734,芳
2801,錻,263,金,297,武
2802,鍄,263,金,8,京
2803,鍋,263,金,772,咼
2804,鍍,263,金,235,度
2805,鍔,263,金,271,咢
2806,鍖,263,金,77,甚
2807,鍛,263,金,724,段
2808,鍠,263,金,63,皇
2809,鍬,263,金,116,秋
2810,鍮,263,金,767,兪
2811,鍵,263,金,937,建
2812,鍼,263,金,359,咸
2813,鍾,263,金,784,重
2814,鎌,263,金,893,兼
2815,鎔,263,金,740,容
2816,鎗,263,金,331,倉
2817,鎚,263,金,222,追
2818,鎧,263,金,746,豈
2819,鎬,263,金,881,高
2820,鎭,263,金,700,眞
2821,鎮,263,金,486,真
2822,鎰,263,金,305,益
2823,鎹,263,金,424,送
2824,鏃,263,金,83,族
2825,鏈,263,金,79,連
2826,鏗,263,金,54,堅
2827,鏘,263,金,797,將
2828,鏝,263,金,865,曼
2829,鏡,263,金,332,竟
2830,鏤,263,金,898,婁
2831,鏥,263,金,511,宿
2832,鐃,263,金,908,堯
2833,鐇,263,金,927,番
2834,鐓,263,金,397,敦
2835,鐔,263,金,880,覃
2836,鐘,263,金,166,童
2837,鐙,263,金,478,登
2838,鐚,263,金,666,惡
2839,鐡,263,金,681,載
2840,鐫,263,金,938,雋
2841,鐵,263,金,681,載
2842,鐺,263,金,604,當
2843,鑄,263,金,754,壽
2844,鑑,263,金,216,監
2845,鑓,263,金,347,遣
2846,鑚,263,金,566,賛
2847,鑛,263,金,339,廣
2848,鑠,263,金,706,樂
2849,鑢,263,金,533,慮
2850,鑪,263,金,100,盧
2851,鑰,263,金,616,龠
2852,鑷,263,金,495,聶
2853,鑼,263,金,105,羅
2854,鑽,263,金,528,贊
2855,钁,263,金,790,矍
2856,阡,226,⻖,170,千
2857,阨,226,⻖,451,厄
2858,阪,226,⻖,703,反
2859,阮,226,⻖,719,元
2860,阯,226,⻖,422,止
2861,防,226,⻖,951,方
2862,阻,226,⻖,598,且
2863,阿,226,⻖,242,可
2864,陀,226,⻖,488,它
2865,陂,226,⻖,500,皮
2866,附,226,⻖,851,付
2867,陌,226,⻖,699,百
2868,降,226,⻖,378,夅
2869,陏,226,⻖,365,有
2870,限,226,⻖,789,艮
2871,陜,226,⻖,768,夾
2872,陟,226,⻖,48,歩
2873,院,226,⻖,670,完
2874,陣,226,⻖,870,車
2875,除,226,⻖,701,余
2876,陦,226,⻖,155,寿
2877,陬,226,⻖,774,取
2878,陲,226,⻖,811,垂
2879,陳,226,⻖,638,東
2880,陵,226,⻖,679,坴
2881,陸,226,⻖,679,坴
2882,険,226,⻖,93,僉
2883,陽,226,⻖,447,昜
2884,隅,226,⻖,448,禺
2885,隈,226,⻖,402,畏
2886,隍,226,⻖,63,皇
2887,階,226,⻖,76,皆
2888,隔,226,⻖,727,鬲
2889,隕,226,⻖,275,員
2890,隗,226,⻖,449,鬼
2891,際,226,⻖,683,祭
2892,障,226,⻖,668,章
2893,隧,226,⻖,260,遂
2894,險,226,⻖,93,僉
2895,隴,226,⻖,132,龍
2896,雄,71,厷,582,隹
2897,雅,145,牙,582,隹
2898,雉,183,矢,582,隹
2899,雌,175,此,582,隹
2900,雎,151,且,582,隹
2901,雕,152,周,582,隹
2902,雛,276,芻,582,隹
2903,離,251,离,582,隹
2904,靆,158,雲,947,逮
2905,靉,158,雲,472,愛
2906,靖,230,立,587,青
2907,静,143,青,403,争
2908,靜,143,青,660,爭
2909,靤,147,面,654,包
2910,靦,147,面,183,見
2911,靫,1,革,272,叉
2912,靭,1,革,382,刃
2913,靱,1,革,351,刄
2914,靴,1,革,693,化
2915,靹,1,革,227,内
2916,靺,1,革,569,末
2917,靼,1,革,395,旦
2918,鞁,1,革,500,皮
2919,鞄,1,革,654,包
2920,鞅,1,革,217,央
2921,鞆,1,革,446,丙
2922,鞋,1,革,43,圭
2923,鞍,1,革,577,安
2924,鞘,1,革,544,肖
2925,鞜,1,革,7,沓
2926,鞣,1,革,490,柔
2927,鞦,1,革,116,秋
2928,鞨,1,革,858,曷
2929,鞭,1,革,518,便
2930,鞳,1,革,107,荅
2931,韃,1,革,561,達
2932,韆,1,革,360,遷
2933,韈,1,革,592,蔑
2934,韵,238,音,733,匀
2935,韶,238,音,32,召
2936,韻,238,音,275,員
2937,頂,232,丁,9,頁
2938,頃,63,匕,9,頁
2939,項,189,工,9,頁
2940,順,215,川,9,頁
2941,須,148,彡,9,頁
2942,頌,265,公,9,頁
2943,頏,87,亢,9,頁
2944,預,249,予,9,頁
2945,頑,4,元,9,頁
2946,頒,60,分,9,頁
2947,頓,90,屯,9,頁
2948,頗,40,皮,9,頁
2949,領,70,令,9,頁
2950,頡,79,吉,9,頁
2951,頬,50,夾,9,頁
2952,頭,273,豆,9,頁
2953,頰,50,夾,9,頁
2954,頷,11,含,9,頁
2955,頻,61,歩,9,頁
2956,頼,128,束,9,頁
2957,頽,201,禿,9,頁
2958,顆,210,果,9,頁
2959,顋,258,思,9,頁
2960,額,68,客,9,頁
2961,顎,48,咢,9,頁
2962,顏,180,彦,9,頁
2963,顔,180,彦,9,頁
2964,願,216,原,9,頁
2965,顛,25,真,9,頁
2966,顧,153,雇,9,頁
2967,顫,42,亶,9,頁
2968,顱,120,盧,9,頁
2969,顳,36,聶,9,頁
2970,颯,230,立,366,風
2971,飄,102,票,366,風
2972,飜,257,番,833,飛
2973,飢,78,飠,302,几
2974,飩,78,飠,299,屯
2975,飫,78,飠,371,夭
2976,飮,78,飠,90,欠
2977,飯,78,飠,703,反
2978,飲,78,飠,90,欠
2979,飴,78,飠,864,台
2980,飼,78,飠,503,司
2981,飽,78,飠,654,包
2982,餃,78,飠,314,交
2983,餅,78,飠,134,并
2984,餉,78,飠,610,向
2985,餌,78,飠,808,耳
2986,餒,78,飠,467,妥
2987,餓,78,飠,425,我
2988,餔,78,飠,672,甫
2989,餘,217,𩙿,701,余
2990,餝,78,飠,734,芳
2991,餞,78,飠,876,戔
2992,餠,78,飠,134,并
2993,餤,78,飠,480,炎
2994,館,78,飠,164,官
2995,餬,78,飠,58,胡
2996,餽,78,飠,449,鬼
2997,餾,78,飠,848,留
2998,饅,78,飠,865,曼
2999,饋,78,飠,59,貴
3000,饌,78,飠,476,巽
3001,饐,78,飠,744,壹
3002,饑,78,飠,578,幾
3003,饒,78,飠,908,堯
3004,馘,81,首,567,或
3005,馭,24,馬,192,又
3006,馮,34,冫,485,馬
3007,馳,24,馬,548,也
3008,馴,24,馬,899,川
3009,馼,24,馬,546,文
3010,駁,24,馬,51,爻
3011,駄,24,馬,33,太
3012,駅,24,馬,572,尺
3013,駆,24,馬,193,区
3014,駈,24,馬,739,丘
3015,駐,24,馬,38,主
3016,駒,24,馬,618,句
3017,駘,24,馬,864,台
3018,駛,24,馬,161,史
3019,駝,24,馬,488,它
3020,駢,24,馬,134,并
3021,駭,24,馬,356,亥
3022,駮,24,馬,314,交
3023,駱,24,馬,933,各
3024,駲,24,馬,676,州
3025,駻,24,馬,545,旱
3026,騅,24,馬,582,隹
3027,騎,24,馬,721,奇
3028,騏,24,馬,465,其
3029,験,24,馬,93,僉
3030,騙,24,馬,675,扁
3031,騨,24,馬,542,単
3032,騷,24,馬,627,蚤
3033,騾,24,馬,52,累
3034,驂,24,馬,41,參
3035,驃,24,馬,84,票
3036,驅,24,馬,897,區
3037,驍,24,馬,908,堯
3038,驕,24,馬,453,喬
3039,驗,24,馬,93,僉
3040,驟,24,馬,696,聚
3041,驢,24,馬,100,盧
3042,驤,24,馬,742,襄
3043,驥,24,馬,112,冀
3044,驪,24,馬,872,麗
3045,骭,30,骨,525,干
3046,骰,30,骨,35,殳
3047,骸,30,骨,356,亥
3048,骼,30,骨,933,各
3049,髀,30,骨,829,卑
3050,髏,30,骨,898,婁
3051,髑,30,骨,176,蜀
3052,體,30,骨,276,豊
3053,髟,8,長,596,彡
3054,魂,115,云,449,鬼
3055,魏,222,委,449,鬼
3056,魴,188,魚,951,方
3057,鮃,188,魚,372,平
3058,鮎,188,魚,576,占
3059,鮑,188,魚,654,包
3060,鮒,188,魚,851,付
3061,鮓,188,魚,464,乍
3062,鮖,188,魚,738,石
3063,鮗,188,魚,591,冬
3064,鮟,188,魚,577,安
3065,鮠,188,魚,886,危
3066,鮨,188,魚,60,旨
3067,鮪,188,魚,365,有
3068,鮫,188,魚,314,交
3069,鮭,188,魚,43,圭
3070,鮮,188,魚,163,羊
3071,鮴,188,魚,803,休
3072,鮹,188,魚,544,肖
3073,鯀,188,魚,845,系
3074,鯆,188,魚,672,甫
3075,鯉,188,魚,232,里
3076,鯏,188,魚,713,利
3077,鯑,188,魚,433,希
3078,鯒,188,魚,78,甬
3079,鯖,188,魚,587,青
3080,鯛,188,魚,342,周
3081,鯡,188,魚,45,非
3082,鯢,188,魚,934,兒
3083,鯣,188,魚,285,易
3084,鯤,188,魚,704,昆
3085,鯨,188,魚,8,京
3086,鯰,188,魚,879,念
3087,鯱,188,魚,357,虎
3088,鯲,188,魚,333,於
3089,鯵,188,魚,852,参
3090,鰄,188,魚,496,威
3091,鰆,188,魚,562,春
3092,鰉,188,魚,63,皇
3093,鰊,188,魚,753,柬
3094,鰌,188,魚,151,酋
3095,鰍,188,魚,116,秋
3096,鰐,188,魚,271,咢
3097,鰓,188,魚,427,思
3098,鰔,188,魚,359,咸
3099,鰡,188,魚,848,留
3100,鰤,188,魚,726,師
3101,鰭,188,魚,160,耆
3102,鰯,188,魚,287,弱
3103,鰰,188,魚,230,神
3104,鰹,188,魚,54,堅
3105,鰺,188,魚,41,參
3106,鰻,188,魚,865,曼
3107,鰾,188,魚,84,票
3108,鱆,188,魚,668,章
3109,鱇,188,魚,144,康
3110,鱈,188,魚,623,雪
3111,鱒,188,魚,838,尊
3112,鱚,188,魚,796,喜
3113,鱠,188,魚,246,會
3114,鱧,188,魚,276,豊
3115,鱶,188,魚,39,養
3116,鱸,188,魚,100,盧
3117,鳩,224,九,821,鳥
3118,鳰,146,入,821,鳥
3119,鳴,19,口,821,鳥
3120,鴃,116,鳥,396,夬
3121,鴉,145,牙,821,鳥
3122,鴎,234,区,821,鳥
3123,鴒,70,令,821,鳥
3124,鴕,116,鳥,488,它
3125,鴣,211,古,821,鳥
3126,鴨,132,甲,821,鳥
3127,鴪,62,穴,821,鳥
3128,鴫,197,田,821,鳥
3129,鴻,126,江,821,鳥
3130,鴾,140,牟,821,鳥
3131,鴿,118,合,821,鳥
3132,鵁,121,交,821,鳥
3133,鵄,154,至,821,鳥
3134,鵈,98,耳,821,鳥
3135,鵐,49,巫,821,鳥
3136,鵙,236,貝,821,鳥
3137,鵜,235,弟,821,鳥
3138,鵝,252,我,821,鳥
3139,鵡,82,武,821,鳥
3140,鵤,39,角,821,鳥
3141,鵬,239,朋,821,鳥
3142,鵲,85,昔,821,鳥
3143,鵺,139,夜,821,鳥
3144,鶇,157,東,821,鳥
3145,鶉,196,享,821,鳥
3146,鶏,159,奚,821,鳥
3147,鶚,48,咢,821,鳥
3148,鶤,124,軍,821,鳥
3149,鶫,37,柬,821,鳥
3150,鶲,162,翁,821,鳥
3151,鶴,32,寉,821,鳥
3152,鶸,66,弱,821,鳥
3153,鶺,113,脊,821,鳥
3154,鶻,30,骨,821,鳥
3155,鷁,108,益,821,鳥
3156,鷄,159,奚,821,鳥
3157,鷆,272,眞,821,鳥
3158,鷏,25,真,821,鳥
3159,鷓,101,庶,821,鳥
3160,鷦,221,焦,821,鳥
3161,鷭,257,番,821,鳥
3162,鸚,218,嬰,821,鳥
3163,鹸,134,鹵,93,僉
3164,鹹,134,鹵,359,咸
3165,麒,280,鹿,465,其
3166,黏,138,黍,576,占
3167,黔,285,黑,238,今
3168,默,285,黑,240,犬
3169,黜,285,黑,779,出
3170,黝,285,黑,585,幼
3171,點,285,黑,576,占
3172,黠,285,黑,531,吉
3173,黥,285,黑,8,京
3174,黯,285,黑,663,音
3175,黷,285,黑,508,賣
3176,黼,253,黹,672,甫
3177,鼾,119,鼻,525,干
3178,齔,91,齒,775,匕
3179,齟,91,齒,598,且
3180,齠,91,齒,32,召
3181,齡,91,齒,782,令
3182,齢,74,歯,782,令
3183,齣,91,齒,618,句
3184,齦,91,齒,789,艮
3185,齪,91,齒,709,足
3186,齬,91,齒,741,吾
3187,齲,91,齒,468,禹
3188,齶,91,齒,271,咢
3189,齷,91,齒,846,屋
3190,龝,58,禾,210,龜