1,乢,234,山,319,乙
2,乱,41,舌,319,乙
3,乳,117,孚,319,乙
4,什,129,亻,80,十
5,仁,129,亻,362,二
6,仂,129,亻,598,力
7,仆,129,亻,486,卜
8,仇,129,亻,53,九
9,仍,129,亻,696,乃
10,从,143,人,115,人
11,仏,129,亻,129,厶
12,仔,129,亻,68,子
13,仕,129,亻,867,士
14,他,129,亻,215,也
15,仗,129,亻,569,丈
16,付,129,亻,72,寸
17,仙,129,亻,921,山
18,仟,129,亻,954,千
19,代,129,亻,120,弋
20,仭,129,亻,800,刄
21,仮,129,亻,223,反
22,仰,129,亻,114,卬
23,仲,129,亻,945,中
24,件,129,亻,694,牛
25,价,129,亻,443,介
26,任,129,亻,113,壬
27,伉,129,亻,23,亢
28,伊,129,亻,138,尹
29,伍,129,亻,937,五
30,伎,129,亻,789,支
31,伏,129,亻,83,犬
32,伐,129,亻,653,戈
33,休,129,亻,796,木
34,伜,129,亻,81,卆
35,伝,129,亻,193,云
36,伯,129,亻,345,白
37,估,129,亻,934,古
38,伴,129,亻,592,半
39,伶,129,亻,47,令
40,伸,129,亻,571,申
41,伺,129,亻,231,司
42,似,129,亻,607,以
43,伽,129,亻,666,加
44,佃,129,亻,533,田
45,但,129,亻,211,旦
46,位,129,亻,191,立
47,住,129,亻,415,主
48,佐,129,亻,85,左
49,佑,129,亻,268,右
50,体,129,亻,427,本
51,何,129,亻,470,可
52,佗,129,亻,582,它
53,佚,129,亻,27,失
54,佛,129,亻,750,弗
55,作,129,亻,235,乍
56,佝,129,亻,153,句
57,佞,241,仁,438,仁
58,佯,129,亻,619,羊
59,佰,129,亻,879,百
60,佳,129,亻,785,圭
61,併,129,亻,31,并
62,佶,129,亻,168,吉
63,佻,129,亻,852,兆
64,佼,129,亻,207,交
65,使,129,亻,838,吏
66,侈,129,亻,727,多
67,例,129,亻,44,列
68,侍,129,亻,32,寺
69,侏,129,亻,124,朱
70,侑,129,亻,768,有
71,侘,129,亻,139,宅
72,供,129,亻,531,共
73,依,129,亻,846,衣
74,侠,129,亻,875,夾
75,価,129,亻,416,襾
76,侫,129,亻,790,妄
77,侭,129,亻,746,尽
78,侮,129,亻,389,毎
79,侶,129,亻,884,呂
80,便,129,亻,947,更
81,係,129,亻,492,系
82,促,129,亻,160,足
83,俄,129,亻,678,我
84,俊,129,亻,732,夋
85,俐,129,亻,140,利
86,俑,129,亻,889,甬
87,俔,129,亻,108,見
88,俗,129,亻,340,谷
89,俘,129,亻,337,孚
90,俚,129,亻,700,里
91,俛,129,亻,154,免
92,保,129,亻,949,呆
93,俟,129,亻,474,矣
94,信,129,亻,530,言
95,俤,129,亻,600,弟
96,俥,129,亻,925,車
97,俯,129,亻,841,府
98,俳,129,亻,432,非
99,俵,129,亻,445,表
100,俶,129,亻,898,叔
101,俸,129,亻,864,奉
102,俺,129,亻,3,奄
103,倅,129,亻,935,卒
104,倆,129,亻,89,兩
105,個,129,亻,447,固
106,們,129,亻,407,門
107,倒,129,亻,585,到
108,倔,129,亻,421,屈
109,倖,129,亻,907,幸
110,倚,129,亻,123,奇
111,借,129,亻,807,昔
112,倡,129,亻,515,昌
113,倣,129,亻,455,放
114,値,129,亻,307,直
115,倥,129,亻,802,空
116,倦,129,亻,823,卷
117,倨,129,亻,787,居
118,倩,129,亻,150,青
119,倪,129,亻,821,兒
120,倫,129,亻,414,侖
121,倬,129,亻,670,卓
122,倭,129,亻,130,委
123,倶,129,亻,723,具
124,倹,129,亻,320,僉
125,偈,129,亻,500,曷
126,偉,129,亻,484,韋
127,偏,129,亻,671,扁
128,偐,129,亻,428,彦
129,偕,129,亻,224,皆
130,偖,129,亻,357,者
131,做,129,亻,773,故
132,停,129,亻,648,亭
133,健,129,亻,866,建
134,偬,129,亻,568,怱
135,偲,129,亻,640,思
136,側,129,亻,906,則
137,偵,129,亻,908,貞
138,偶,129,亻,593,禺
139,偸,129,亻,433,兪
140,偽,129,亻,479,為
141,傀,129,亻,274,鬼
142,傍,129,亻,538,旁
143,傑,129,亻,941,桀
144,傚,129,亻,574,效
145,催,129,亻,238,崔
146,傭,129,亻,377,庸
147,傲,129,亻,441,敖
148,傳,129,亻,888,專
149,傴,129,亻,725,區
150,債,129,亻,91,責
151,傾,129,亻,636,頃
152,僂,129,亻,837,婁
153,働,129,亻,849,動
154,像,129,亻,684,象
155,僑,129,亻,62,喬
156,僕,129,亻,575,菐
157,僖,129,亻,946,喜
158,僞,129,亻,176,爲
159,僣,129,亻,469,替
160,僥,129,亻,952,堯
161,僧,129,亻,459,曽
162,僮,129,亻,151,童
163,價,129,亻,661,賈
164,僻,129,亻,805,辟
165,儀,129,亻,391,義
166,儁,129,亻,819,雋
167,儂,129,亻,886,農
168,億,129,亻,63,意
169,儉,129,亻,320,僉
170,儒,129,亻,576,需
171,儔,129,亻,245,壽
172,儕,129,亻,314,齊
173,儖,129,亻,254,監
174,儘,129,亻,761,盡
175,儚,129,亻,595,夢
176,償,129,亻,162,賞
177,優,129,亻,335,憂
178,儲,129,亻,477,諸
179,儷,129,亻,811,麗
180,儺,129,亻,221,難
181,儻,129,亻,836,黨
182,儼,129,亻,611,嚴
183,兢,175,克,135,克
184,冰,268,冫,664,水
185,冱,268,冫,287,互
186,冲,268,冫,945,中
187,决,268,冫,690,夬
188,冴,268,冫,892,牙
189,况,268,冫,660,兄
190,冶,268,冫,244,台
191,冷,268,冫,47,令
192,冽,268,冫,44,列
193,凄,268,冫,259,妻
194,凅,268,冫,447,固
195,准,268,冫,826,隹
196,凉,268,冫,318,京
197,凋,268,冫,766,周
198,凍,268,冫,735,東
199,凛,268,冫,943,禀
200,凜,268,冫,865,稟
201,凝,268,冫,792,疑
202,凱,13,豈,948,几
203,切,114,七,544,刀
204,刈,54,乂,243,刂
205,刊,93,干,243,刂
206,刋,285,千,243,刂
207,刎,26,勿,243,刂
208,刑,197,幵,243,刂
209,刔,247,夬,243,刂
210,列,225,歹,243,刂
211,初,154,衤,544,刀
212,判,141,半,243,刂
213,刧,184,去,544,刀
214,利,78,禾,243,刂
215,刪,130,冊,243,刂
216,刮,41,舌,243,刂
217,到,94,至,243,刂
218,刳,224,夸,243,刂
219,刺,121,朿,243,刂
220,刻,140,亥,243,刂
221,剃,149,弟,243,刂
222,則,273,貝,243,刂
223,削,62,肖,243,刂
224,剌,228,束,243,刂
225,剏,32,并,800,刄
226,剔,82,易,243,刂
227,剛,40,岡,243,刂
228,剞,156,奇,243,刂
229,剣,103,僉,243,刂
230,剤,180,斉,243,刂
231,副,4,畐,243,刂
232,剰,164,乗,243,刂
233,剱,103,僉,800,刄
234,割,38,害,243,刂
235,剳,20,荅,243,刂
236,剴,13,豈,243,刂
237,創,70,倉,243,刂
238,剽,3,票,243,刂
239,剿,47,巣,243,刂
240,劃,152,畫,243,刂
241,劍,103,僉,243,刂
242,劑,97,齊,243,刂
243,劔,103,僉,800,刄
244,功,73,工,598,力
245,加,146,力,643,口
246,助,85,且,598,力
247,劫,184,去,598,力
248,劬,200,句,598,力
249,劭,5,召,598,力
250,効,269,交,598,力
251,劼,223,吉,598,力
252,劾,140,亥,598,力
253,勃,148,孛,598,力
254,勅,228,束,598,力
255,勍,101,京,598,力
256,勒,272,革,598,力
257,動,211,重,598,力
258,勘,86,甚,598,力
259,勝,31,月,210,劵
260,勣,105,責,598,力
261,勤,210,菫,598,力
262,勦,47,巣,598,力
263,勳,274,熏,598,力
264,匏,224,夸,698,包
265,化,129,亻,938,匕
266,博,95,十,422,尃
267,卦,74,圭,486,卜
268,即,280,艮,606,卩
269,却,184,去,606,卩
270,卻,124,谷,606,卩
271,双,249,又,187,又
272,取,123,耳,187,又
273,叙,42,余,187,又
274,叛,141,半,223,反
275,叡,108,睿,187,又
276,叨,201,口,544,刀
277,叩,201,口,606,卩
278,叫,201,口,453,丩
279,叭,201,口,364,八
280,叮,201,口,444,丁
281,叱,201,口,96,七
282,叶,201,口,80,十
283,叺,201,口,304,入
284,吁,201,口,714,于
285,吃,201,口,822,乞
286,吋,201,口,72,寸
287,吐,201,口,141,土
288,吟,201,口,133,今
289,吠,201,口,83,犬
290,吩,201,口,305,分
291,听,201,口,213,斤
292,吭,201,口,23,亢
293,吮,201,口,222,允
294,吶,201,口,644,内
295,吸,201,口,417,及
296,吹,201,口,252,欠
297,吻,201,口,250,勿
298,吼,201,口,355,孔
299,吽,201,口,694,牛
300,呀,201,口,892,牙
301,呎,201,口,386,尺
302,呟,201,口,358,玄
303,呪,201,口,660,兄
304,呱,201,口,363,瓜
305,味,201,口,336,未
306,呵,201,口,470,可
307,呶,201,口,203,奴
308,呷,201,口,346,甲
309,呻,201,口,571,申
310,呼,201,口,923,乎
311,咀,201,口,794,且
312,咄,201,口,437,出
313,咆,201,口,698,包
314,咋,201,口,235,乍
315,和,78,禾,643,口
316,咏,201,口,560,永
317,咐,201,口,467,付
318,咤,201,口,139,宅
319,咥,201,口,310,至
320,咬,201,口,207,交
321,咯,201,口,740,各
322,咲,201,口,932,关
323,咳,201,口,350,亥
324,咽,201,口,655,因
325,咾,201,口,724,老
326,哂,201,口,818,西
327,哄,201,口,531,共
328,哇,201,口,785,圭
329,哈,201,口,394,合
330,哘,201,口,88,行
331,哢,201,口,134,弄
332,哦,201,口,678,我
333,哨,201,口,285,肖
334,哩,201,口,700,里
335,哮,201,口,842,孝
336,哺,201,口,758,甫
337,哽,201,口,947,更
338,唄,201,口,712,貝
339,唆,201,口,732,夋
340,唏,201,口,371,希
341,唔,201,口,591,吾
342,唖,201,口,629,亜
343,唯,201,口,826,隹
344,唱,201,口,515,昌
345,唳,201,口,716,戻
346,唸,201,口,347,念
347,唹,201,口,601,於
348,唾,201,口,721,垂
349,啄,201,口,142,豕
350,啅,201,口,670,卓
351,啌,201,口,802,空
352,啖,201,口,186,炎
353,啝,201,口,751,和
354,啣,201,口,580,卸
355,啼,201,口,951,帝
356,啾,201,口,87,秋
357,喀,201,口,79,客
358,喃,201,口,845,南
359,喇,201,口,540,剌
360,喉,201,口,891,侯
361,喊,201,口,246,咸
362,喙,201,口,376,彖
363,喚,201,口,248,奐
364,喝,201,口,500,曷
365,喞,201,口,330,即
366,喟,201,口,299,胃
367,喧,201,口,672,宣
368,喨,201,口,857,亮
369,喩,201,口,433,兪
370,喫,201,口,94,契
371,喰,201,口,673,食
372,喻,201,口,433,兪
373,嗄,201,口,143,夏
374,嗅,201,口,856,臭
375,嗔,201,口,760,眞
376,嗚,201,口,859,烏
377,嗜,201,口,903,耆
378,嗟,201,口,899,差
379,嗤,201,口,56,蚩
380,嗷,201,口,441,敖
381,嗹,201,口,843,連
382,嗾,201,口,847,族
383,嘔,201,口,725,區
384,嘖,201,口,91,責
385,嘘,201,口,781,虚
386,嘛,201,口,439,麻
387,嘩,201,口,181,華
388,嘯,201,口,553,肅
389,嘱,201,口,491,属
390,嘲,201,口,234,朝
391,嘴,201,口,689,觜
392,嘶,201,口,316,斯
393,嘸,201,口,226,無
394,噂,201,口,687,尊
395,噌,201,口,459,曽
396,噎,201,口,832,壹
397,噛,201,口,493,歯
398,噤,201,口,122,禁
399,噫,201,口,63,意
400,噬,201,口,729,筮
401,噴,201,口,390,賁
402,噸,201,口,793,頓
403,噺,201,口,933,新
404,嚀,201,口,799,寧
405,嚆,201,口,647,蒿
406,嚇,201,口,466,赫
407,嚊,201,口,516,鼻
408,嚠,201,口,179,劉
409,嚥,201,口,555,燕
410,嚶,201,口,887,嬰
411,嚼,201,口,225,爵
412,囀,201,口,715,轉
413,囁,201,口,242,聶
414,囃,201,口,434,雜
415,囈,201,口,333,藝
416,囎,201,口,620,贈
417,囑,201,口,293,屬
418,囓,201,口,419,齧
419,圦,176,土,304,入
420,地,176,土,215,也
421,圷,176,土,702,下
422,圸,176,土,921,山
423,圻,176,土,213,斤
424,址,176,土,237,止
425,坂,176,土,223,反
426,均,176,土,710,匀
427,坊,176,土,167,方
428,坎,176,土,252,欠
429,坏,176,土,24,不
430,坑,176,土,23,亢
431,坡,176,土,679,皮
432,坤,176,土,571,申
433,坦,176,土,211,旦
434,坩,176,土,581,甘
435,坪,176,土,691,平
436,坿,176,土,467,付
437,垉,176,土,698,包
438,垓,176,土,350,亥
439,垠,176,土,219,艮
440,垢,176,土,172,后
441,垣,176,土,590,亘
442,垤,176,土,310,至
443,垪,176,土,31,并
444,垳,176,土,88,行
445,埃,176,土,474,矣
446,埆,176,土,260,角
447,埋,176,土,700,里
448,城,176,土,9,成
449,埔,176,土,758,甫
450,埖,176,土,621,花
451,域,176,土,354,或
452,埠,176,土,265,阜
453,埣,176,土,935,卒
454,埴,176,土,307,直
455,執,216,幸,2,丸
456,埼,176,土,123,奇
457,堀,176,土,421,屈
458,堆,176,土,826,隹
459,堋,176,土,520,朋
460,堝,176,土,726,咼
461,堤,176,土,262,是
462,堪,176,土,74,甚
463,場,176,土,326,昜
464,堵,176,土,357,者
465,堺,176,土,874,界
466,塀,176,土,84,屏
467,塊,176,土,274,鬼
468,塒,176,土,60,時
469,塔,176,土,18,荅
470,塘,176,土,674,唐
471,塙,176,土,594,高
472,塚,176,土,303,冢
473,塡,176,土,760,眞
474,塢,176,土,859,烏
475,填,176,土,604,真
476,境,176,土,583,竟
477,増,176,土,459,曽
478,墟,176,土,781,虚
479,墫,176,土,687,尊
480,墳,176,土,390,賁
481,墸,176,土,196,著
482,墹,176,土,195,間
483,墺,176,土,738,奧
484,墻,176,土,517,嗇
485,壇,176,土,883,亶
486,壌,176,土,163,襄
487,壕,176,土,4,豪
488,壗,176,土,761,盡
489,壙,176,土,359,廣
490,壜,176,土,381,曇
491,壤,176,土,163,襄
492,壮,183,⺦,867,士
493,壯,284,爿,867,士
494,壻,170,士,460,胥
495,外,252,夕,486,卜
496,夘,252,夕,606,卩
497,夥,87,果,727,多
498,奴,162,女,187,又
499,奸,162,女,554,干
500,好,162,女,68,子
501,妁,162,女,456,勺
502,如,162,女,643,口
503,妃,162,女,853,己
504,妊,162,女,113,壬
505,妍,162,女,642,幵
506,妓,162,女,789,支
507,妖,162,女,397,夭
508,妙,162,女,52,少
509,妝,284,爿,612,女
510,妣,162,女,202,比
511,妨,162,女,167,方
512,妬,162,女,695,石
513,妲,162,女,211,旦
514,妹,162,女,336,未
515,姆,162,女,942,母
516,姉,162,女,465,市
517,始,162,女,244,台
518,姐,162,女,794,且
519,姑,162,女,934,古
520,姓,162,女,649,生
521,姙,162,女,744,任
522,姚,162,女,852,兆
523,姥,162,女,724,老
524,姨,162,女,261,夷
525,姪,162,女,310,至
526,姫,162,女,542,臣
527,姶,162,女,394,合
528,姻,162,女,655,因
529,娃,162,女,785,圭
530,娘,162,女,633,良
531,娚,162,女,144,男
532,娜,162,女,703,那
533,娠,162,女,567,辰
534,娥,162,女,678,我
535,娩,162,女,154,免
536,娯,162,女,782,呉
537,娵,162,女,171,取
538,娼,162,女,515,昌
539,婀,162,女,631,阿
540,婉,162,女,871,宛
541,婚,162,女,392,昏
542,婦,162,女,20,帚
543,婿,162,女,460,胥
544,媒,162,女,312,某
545,媚,162,女,446,眉
546,媛,162,女,464,爰
547,媽,162,女,270,馬
548,媾,162,女,220,冓
549,嫁,162,女,897,家
550,嫂,162,女,539,叟
551,嫉,162,女,112,疾
552,嫋,162,女,280,弱
553,嫌,162,女,657,兼
554,嫐,270,娚,612,女
555,嫖,162,女,728,票
556,嫗,162,女,725,區
557,嫣,162,女,478,焉
558,嫦,162,女,624,常
559,嫩,162,女,786,敕
560,嫺,162,女,195,間
561,嫻,162,女,383,閑
562,嬉,162,女,946,喜
563,嬋,162,女,490,單
564,嬌,162,女,62,喬
565,嬢,162,女,163,襄
566,嬪,162,女,557,賓
567,嬬,162,女,576,需
568,嬲,182,男,707,娚
569,嬶,162,女,516,鼻
570,嬾,162,女,518,頼
571,孀,162,女,605,霜
572,孃,162,女,163,襄
573,孔,81,子,319,乙
574,孜,81,子,487,攵
575,孤,81,子,363,瓜
576,孩,81,子,350,亥
577,孫,81,子,492,系
578,孰,111,享,2,丸
579,孵,177,卵,337,孚
580,孺,81,子,576,需
581,対,150,文,72,寸
582,封,74,圭,72,寸
583,射,286,身,72,寸
584,尠,86,甚,52,少
585,就,101,京,308,尤
586,屹,234,山,822,乞
587,岐,234,山,789,支
588,岨,234,山,794,且
589,岫,234,山,525,由
590,岬,234,山,346,甲
591,岷,234,山,752,民
592,岼,234,山,691,平
593,岾,234,山,451,占
594,峅,234,山,54,弁
595,峙,234,山,32,寺
596,峡,234,山,920,夹
597,峨,234,山,678,我
598,峪,234,山,340,谷
599,峭,234,山,285,肖
600,峺,234,山,947,更
601,峽,234,山,875,夾
602,崎,234,山,123,奇
603,崘,234,山,414,侖
604,崛,234,山,421,屈
605,崢,234,山,405,爭
606,嵋,234,山,446,眉
607,嵎,234,山,593,禺
608,嵯,234,山,899,差
609,嵶,234,山,280,弱
610,嶂,234,山,797,章
611,嶇,234,山,725,區
612,嶋,234,山,284,鳥
613,嶝,234,山,705,登
614,嶢,234,山,952,堯
615,嶬,234,山,391,義
616,嶮,234,山,320,僉
617,嶼,234,山,616,與
618,巧,73,工,828,丂
619,帆,202,巾,155,凡
620,帖,202,巾,451,占
621,帙,202,巾,27,失
622,帰,22,刂,20,帚
623,帳,202,巾,825,長
624,帷,202,巾,826,隹
625,帽,202,巾,136,冒
626,幀,202,巾,908,貞
627,幃,202,巾,484,韋
628,幄,202,巾,535,屋
629,幅,202,巾,730,畐
630,幌,202,巾,839,晃
631,幎,202,巾,178,冥
632,幔,202,巾,48,曼
633,幗,202,巾,267,國
634,幟,202,巾,239,音
635,幡,202,巾,315,番
636,幢,202,巾,151,童
637,幵,93,干,554,干
638,幼,33,幺,598,力
639,引,71,弓,278,丨
640,弘,71,弓,129,厶
641,弛,71,弓,215,也
642,弥,71,弓,641,尓
643,弦,71,弓,358,玄
644,弧,71,弓,363,瓜
645,弭,71,弓,572,耳
646,張,71,弓,825,長
647,弸,71,弓,520,朋
648,弾,71,弓,885,単
649,彁,71,弓,338,哥
650,彈,71,弓,490,單
651,彌,71,弓,737,爾
652,形,197,幵,289,彡
653,彩,213,采,289,彡
654,彫,44,周,289,彡
655,彬,262,林,424,杉
656,彰,90,章,289,彡
657,影,235,景,289,彡
658,彷,226,彳,167,方
659,役,226,彳,26,殳
660,彼,226,彳,679,皮
661,彿,226,彳,750,弗
662,往,226,彳,415,主
663,征,226,彳,609,正
664,徂,226,彳,794,且
665,徃,226,彳,649,生
666,径,226,彳,824,圣
667,待,226,彳,32,寺
668,徇,226,彳,485,旬
669,很,226,彳,219,艮
670,徊,226,彳,402,回
671,律,226,彳,161,聿
672,徐,226,彳,762,余
673,徒,226,彳,769,走
674,徘,226,彳,432,非
675,徠,226,彳,608,來
676,御,226,彳,580,卸
677,徨,226,彳,505,皇
678,復,226,彳,734,复
679,循,226,彳,628,盾
680,忖,106,忄,72,寸
681,忙,106,忄,349,亡
682,忤,106,忄,372,午
683,快,106,忄,690,夬
684,忰,106,忄,81,卆
685,忸,106,忄,209,丑
686,忻,106,忄,213,斤
687,怏,106,忄,522,央
688,怐,106,忄,153,句
689,怖,106,忄,806,布
690,怙,106,忄,934,古
691,怛,106,忄,211,旦
692,怜,106,忄,47,令
693,怡,106,忄,244,台
694,怦,106,忄,691,平
695,性,106,忄,649,生
696,怩,106,忄,247,尼
697,怪,106,忄,824,圣
698,怫,106,忄,750,弗
699,怯,106,忄,145,去
700,怺,106,忄,560,永
701,恂,106,忄,485,旬
702,恃,106,忄,32,寺
703,恆,106,忄,926,亙
704,恍,106,忄,296,光
705,恒,106,忄,590,亘
706,恟,106,忄,749,匈
707,恠,106,忄,375,在
708,恢,106,忄,851,灰
709,恤,106,忄,28,血
710,恥,123,耳,753,心
711,恨,106,忄,219,艮
712,恪,106,忄,740,各
713,恫,106,忄,506,同
714,恬,106,忄,504,舌
715,恰,106,忄,394,合
716,悃,106,忄,610,困
717,悄,106,忄,285,肖
718,悋,106,忄,536,吝
719,悌,106,忄,600,弟
720,悍,106,忄,309,旱
721,悒,106,忄,183,邑
722,悔,106,忄,389,毎
723,悖,106,忄,599,孛
724,悗,106,忄,154,免
725,悚,106,忄,916,束
726,悟,106,忄,591,吾
727,悦,106,忄,511,兌
728,悧,106,忄,140,利
729,悴,106,忄,935,卒
730,悵,106,忄,825,長
731,悸,106,忄,801,季
732,悼,106,忄,670,卓
733,悽,106,忄,259,妻
734,情,106,忄,150,青
735,惆,106,忄,766,周
736,惇,106,忄,565,享
737,惓,106,忄,823,卷
738,惘,106,忄,638,罔
739,惚,106,忄,105,忽
740,惜,106,忄,807,昔
741,惟,106,忄,826,隹
742,惧,106,忄,723,具
743,惨,106,忄,351,参
744,惶,106,忄,505,皇
745,惺,106,忄,622,星
746,惻,106,忄,906,則
747,愀,106,忄,87,秋
748,愃,106,忄,672,宣
749,愉,106,忄,433,兪
750,愕,106,忄,57,咢
751,愡,106,忄,568,怱
752,愧,106,忄,274,鬼
753,愴,106,忄,778,倉
754,愼,106,忄,760,眞
755,愾,106,忄,650,氣
756,慄,106,忄,717,栗
757,慊,106,忄,657,兼
758,慌,106,忄,510,荒
759,慎,106,忄,604,真
760,慓,106,忄,728,票
761,慘,106,忄,534,參
762,慚,106,忄,630,斬
763,慟,106,忄,849,動
764,慢,106,忄,48,曼
765,慣,106,忄,512,貫
766,慥,106,忄,756,造
767,慨,106,忄,812,既
768,慱,106,忄,888,專
769,慳,106,忄,692,堅
770,慴,106,忄,918,習
771,慵,106,忄,377,庸
772,慷,106,忄,429,康
773,憎,106,忄,459,曽
774,憔,106,忄,378,焦
775,憚,106,忄,490,單
776,憤,106,忄,390,賁
777,憧,106,忄,151,童
778,憫,106,忄,584,閔
779,憬,106,忄,431,景
780,憮,106,忄,226,無
781,憶,106,忄,63,意
782,憾,106,忄,757,感
783,懈,106,忄,483,解
784,懊,106,忄,738,奧
785,懍,106,忄,865,稟
786,懦,106,忄,576,需
787,懶,106,忄,518,頼
788,懼,106,忄,909,瞿
789,懾,106,忄,242,聶
790,懿,128,壹,175,恣
791,戝,273,貝,653,戈
792,戡,86,甚,653,戈
793,戦,192,単,653,戈
794,戯,72,虚,653,戈
795,戰,27,單,653,戈
796,所,221,戸,213,斤
797,扎,212,扌,319,乙
798,打,212,扌,444,丁
799,払,212,扌,129,厶
800,扛,212,扌,291,工
801,扞,212,扌,554,干
802,扠,212,扌,14,叉
803,扣,212,扌,643,口
804,扨,212,扌,800,刄
805,扮,212,扌,305,分
806,扱,212,扌,417,及
807,扶,212,扌,232,夫
808,批,212,扌,202,比
809,扼,212,扌,944,厄
810,找,212,扌,653,戈
811,技,212,扌,789,支
812,抂,212,扌,549,王
813,抃,212,扌,227,卞
814,抄,212,扌,52,少
815,抉,212,扌,690,夬
816,把,212,扌,893,巴
817,抒,212,扌,69,予
818,抓,212,扌,70,爪
819,抔,212,扌,24,不
820,投,212,扌,26,殳
821,抖,212,扌,343,斗
822,抗,212,扌,23,亢
823,折,212,扌,213,斤
824,抜,212,扌,713,友
825,択,212,扌,386,尺
826,披,212,扌,679,皮
827,抬,212,扌,244,台
828,抱,212,扌,698,包
829,抵,212,扌,365,氐
830,抹,212,扌,739,末
831,抻,212,扌,571,申
832,押,212,扌,346,甲
833,抽,212,扌,525,由
834,拂,212,扌,750,弗
835,担,212,扌,211,旦
836,拆,212,扌,476,斥
837,拇,212,扌,942,母
838,拈,212,扌,451,占
839,拉,212,扌,191,立
840,拊,212,扌,467,付
841,拌,212,扌,592,半
842,拍,212,扌,345,白
843,拑,212,扌,581,甘
844,拒,212,扌,895,巨
845,拓,212,扌,695,石
846,拔,212,扌,83,犬
847,拗,212,扌,157,幼
848,拘,212,扌,153,句
849,拙,212,扌,437,出
850,招,212,扌,1,召
851,拠,212,扌,290,処
852,拡,212,扌,519,広
853,括,212,扌,504,舌
854,拭,212,扌,33,式
855,拮,212,扌,168,吉
856,拯,212,扌,58,丞
857,拱,212,扌,531,共
858,拵,212,扌,323,存
859,拷,212,扌,131,考
860,拾,212,扌,394,合
861,持,212,扌,32,寺
862,挂,212,扌,785,圭
863,指,212,扌,34,旨
864,按,212,扌,685,安
865,挌,212,扌,740,各
866,挑,212,扌,852,兆
867,挟,212,扌,920,夹
868,挧,212,扌,872,羽
869,挨,212,扌,474,矣
870,挫,212,扌,924,坐
871,振,212,扌,567,辰
872,挺,212,扌,398,廷
873,挽,212,扌,154,免
874,挾,212,扌,875,夾
875,捉,212,扌,160,足
876,捌,212,扌,873,別
877,捍,212,扌,309,旱
878,捕,212,扌,758,甫
879,捗,212,扌,158,歩
880,捜,212,扌,539,叟
881,捧,212,扌,864,奉
882,捨,212,扌,680,舎
883,捩,212,扌,716,戻
884,捫,212,扌,407,門
885,据,212,扌,787,居
886,捲,212,扌,98,巻
887,捶,212,扌,721,垂
888,捺,212,扌,430,奈
889,捻,212,扌,347,念
890,掀,212,扌,521,欣
891,掃,212,扌,20,帚
892,授,212,扌,798,受
893,掉,212,扌,670,卓
894,掎,212,扌,123,奇
895,排,212,扌,432,非
896,掖,212,扌,37,夜
897,掘,212,扌,421,屈
898,掛,212,扌,77,卦
899,掟,212,扌,623,定
900,掠,212,扌,318,京
901,採,212,扌,904,采
902,接,212,扌,327,妾
903,控,212,扌,802,空
904,推,212,扌,826,隹
905,掩,212,扌,3,奄
906,措,212,扌,807,昔
907,掫,212,扌,171,取
908,掲,212,扌,500,曷
909,掴,212,扌,502,国
910,掵,212,扌,367,命
911,掾,212,扌,376,彖
912,揀,212,扌,625,柬
913,揃,212,扌,915,前
914,揄,212,扌,433,兪
915,揆,212,扌,861,癸
916,揉,212,扌,772,柔
917,描,212,扌,256,苗
918,提,212,扌,262,是
919,揚,212,扌,326,昜
920,換,212,扌,248,奐
921,握,212,扌,535,屋
922,揩,212,扌,224,皆
923,揮,212,扌,927,軍
924,援,212,扌,464,爰
925,揶,212,扌,658,耶
926,揺,212,扌,509,䍃
927,搆,212,扌,220,冓
928,損,212,扌,552,員
929,搓,212,扌,899,差
930,搗,212,扌,840,島
931,搜,212,扌,539,叟
932,搦,212,扌,280,弱
933,搬,212,扌,814,般
934,搭,212,扌,18,荅
935,搶,212,扌,778,倉
936,携,212,扌,64,隽
937,搾,212,扌,388,窄
938,摑,212,扌,267,國
939,摧,212,扌,238,崔
940,摶,212,扌,888,專
941,摸,212,扌,596,莫
942,摺,212,扌,918,習
943,撈,212,扌,418,勞
944,撒,212,扌,294,散
945,撓,212,扌,952,堯
946,撕,212,扌,316,斯
947,撚,212,扌,255,然
948,撞,212,扌,151,童
949,撥,212,扌,765,發
950,撫,212,扌,226,無
951,播,212,扌,315,番
952,撮,212,扌,570,最
953,撰,212,扌,366,巽
954,撲,212,扌,575,菐
955,撹,212,扌,788,覚
956,撻,212,扌,29,達
957,撼,212,扌,757,感
958,擁,212,扌,106,雍
959,擂,212,扌,90,雷
960,擅,212,扌,883,亶
961,擒,212,扌,119,禽
962,擠,212,扌,314,齊
963,擡,212,扌,152,臺
964,擣,212,扌,245,壽
965,擦,212,扌,662,察
966,擬,212,扌,792,疑
967,擯,212,扌,557,賓
968,擱,212,扌,931,閣
969,擲,212,扌,779,鄭
970,擴,212,扌,359,廣
971,擶,212,扌,563,箭
972,擺,212,扌,146,罷
973,擽,212,扌,561,樂
974,擾,212,扌,335,憂
975,攅,212,扌,632,賛
976,攘,212,扌,163,襄
977,攝,212,扌,242,聶
978,攤,212,扌,221,難
979,攪,212,扌,754,覺
980,攫,212,扌,577,矍
981,攬,212,扌,902,覽
982,改,153,己,639,攴
983,攻,73,工,639,攴
984,放,222,方,639,攴
985,政,159,正,639,攴
986,故,258,古,639,攴
987,效,269,交,487,攵
988,敍,42,余,639,攴
989,敏,181,毎,639,攴
990,救,264,求,639,攴
991,敕,228,束,639,攴
992,敗,273,貝,639,攴
993,敘,42,余,487,攵
994,教,142,孝,639,攴
995,敞,242,尚,487,攵
996,敦,111,享,487,攵
997,敬,172,苟,639,攴
998,敲,145,高,639,攴
999,敷,240,旉,639,攴
1000,數,138,婁,487,攵
1001,斂,103,僉,487,攵
1002,斌,150,文,652,武
1003,料,185,米,343,斗
1004,斛,36,角,343,斗
1005,斜,42,余,343,斗
1006,斟,86,甚,343,斗
1007,斫,254,石,213,斤
1008,斬,243,車,213,斤
1009,斯,18,其,213,斤
1010,旙,222,方,315,番
1011,既,280,艮,882,旡
1012,旧,52,丨,706,日
1013,旺,267,日,549,王
1014,明,267,日,494,月
1015,映,267,日,522,央
1016,昧,267,日,336,未
1017,昨,267,日,235,乍
1018,昭,267,日,1,召
1019,昵,267,日,247,尼
1020,昶,104,永,706,日
1021,昿,267,日,519,広
1022,時,267,日,32,寺
1023,晄,267,日,296,光
1024,晒,267,日,818,西
1025,晞,267,日,371,希
1026,晤,267,日,591,吾
1027,晦,267,日,389,毎
1028,晧,267,日,382,告
1029,晩,267,日,154,免
1030,晰,267,日,482,析
1031,晴,267,日,150,青
1032,暁,267,日,368,尭
1033,暄,267,日,672,宣
1034,暉,267,日,927,軍
1035,暎,267,日,602,英
1036,暖,267,日,464,爰
1037,暗,267,日,239,音
1038,暘,267,日,326,昜
1039,暝,267,日,178,冥
1040,暢,119,申,326,昜
1041,暾,267,日,733,敦
1042,曄,267,日,181,華
1043,曉,267,日,952,堯
1044,曖,267,日,184,愛
1045,曙,267,日,137,署
1046,曚,267,日,206,蒙
1047,曝,267,日,15,暴
1048,曠,267,日,359,廣
1049,曦,267,日,125,羲
1050,朋,31,月,494,月
1051,朏,31,月,437,出
1052,朖,31,月,633,良
1053,朗,189,良,494,月
1054,朞,18,其,494,月
1055,期,18,其,494,月
1056,朦,31,月,206,蒙
1057,朧,31,月,97,龍
1058,札,91,木,319,乙
1059,朴,91,木,486,卜
1060,朷,91,木,544,刀
1061,朸,91,木,598,力
1062,机,91,木,948,几
1063,朽,91,木,828,丂
1064,杁,91,木,304,入
1065,杆,91,木,554,干
1066,杉,91,木,289,彡
1067,材,91,木,497,才
1068,村,91,木,72,寸
1069,杓,91,木,456,勺
1070,杖,91,木,569,丈
1071,杙,91,木,120,弋
1072,杜,91,木,141,土
1073,杞,91,木,853,己
1074,杠,91,木,291,工
1075,杣,91,木,921,山
1076,杤,91,木,107,万
1077,杪,91,木,52,少
1078,杭,91,木,23,亢
1079,杯,91,木,24,不
1080,杵,91,木,372,午
1081,杷,91,木,893,巴
1082,杼,91,木,69,予
1083,松,91,木,496,公
1084,板,91,木,223,反
1085,枅,91,木,642,幵
1086,枇,91,木,202,比
1087,枉,91,木,549,王
1088,枋,91,木,167,方
1089,枌,91,木,305,分
1090,析,91,木,213,斤
1091,林,91,木,796,木
1092,枚,91,木,639,攴
1093,枝,91,木,789,支
1094,枠,91,木,81,卆
1095,枡,91,木,676,升
1096,枢,91,木,545,区
1097,枦,91,木,913,戸
1098,枯,91,木,934,古
1099,枳,91,木,180,只
1100,枷,91,木,666,加
1101,枸,91,木,153,句
1102,枹,91,木,698,包
1103,柁,91,木,582,它
1104,柄,91,木,317,丙
1105,柆,91,木,191,立
1106,柊,91,木,701,冬
1107,柎,91,木,467,付
1108,柑,91,木,581,甘
1109,柘,91,木,695,石
1110,柚,91,木,525,由
1111,柝,91,木,476,斥
1112,柞,91,木,235,乍
1113,柤,91,木,794,且
1114,柧,91,木,363,瓜
1115,柮,91,木,437,出
1116,柯,91,木,470,可
1117,柱,91,木,415,主
1118,柳,91,木,92,卯
1119,柵,91,木,586,冊
1120,柾,91,木,609,正
1121,柿,91,木,465,市
1122,栂,91,木,942,母
1123,栓,91,木,297,全
1124,栖,91,木,818,西
1125,校,91,木,207,交
1126,栢,91,木,879,百
1127,栩,91,木,872,羽
1128,株,91,木,124,朱
1129,栫,91,木,323,存
1130,栲,91,木,131,考
1131,核,91,木,350,亥
1132,根,91,木,219,艮
1133,格,91,木,740,各
1134,桁,91,木,88,行
1135,桂,91,木,785,圭
1136,桃,91,木,852,兆
1137,框,91,木,331,匡
1138,桍,91,木,914,夸
1139,桎,91,木,310,至
1140,桐,91,木,506,同
1141,桓,91,木,590,亘
1142,桔,91,木,168,吉
1143,桙,91,木,711,牟
1144,桝,91,木,59,舛
1145,桟,91,木,804,戋
1146,档,91,木,393,当
1147,桧,91,木,780,会
1148,桴,91,木,337,孚
1149,桶,91,木,889,甬
1150,桷,91,木,260,角
1151,桾,91,木,286,君
1152,桿,91,木,309,旱
1153,梃,91,木,398,廷
1154,梅,91,木,389,毎
1155,梍,91,木,880,皀
1156,梏,91,木,382,告
1157,梓,91,木,566,辛
1158,梔,91,木,5,巵
1159,梗,91,木,947,更
1160,梛,91,木,703,那
1161,梠,91,木,884,呂
1162,梢,91,木,285,肖
1163,梧,91,木,591,吾
1164,梯,91,木,600,弟
1165,械,91,木,369,戒
1166,梱,91,木,610,困
1167,梳,91,木,271,㐬
1168,梶,91,木,878,尾
1169,梹,91,木,233,兵
1170,梼,91,木,325,寿
1171,棆,91,木,414,侖
1172,棉,91,木,395,帛
1173,棋,91,木,240,其
1174,棍,91,木,121,昆
1175,棒,91,木,864,奉
1176,棔,91,木,392,昏
1177,棕,91,木,379,宗
1178,棘,121,朿,829,朿
1179,棚,91,木,520,朋
1180,棟,91,木,735,東
1181,棡,91,木,503,岡
1182,棣,91,木,507,隶
1183,棧,91,木,370,戔
1184,棯,91,木,347,念
1185,棲,91,木,259,妻
1186,棹,91,木,670,卓
1187,棺,91,木,755,官
1188,椀,91,木,871,宛
1189,椁,91,木,565,享
1190,椄,91,木,327,妾
1191,椅,91,木,123,奇
1192,椋,91,木,318,京
1193,椌,91,木,802,空
1194,植,91,木,307,直
1195,椎,91,木,826,隹
1196,椏,91,木,686,亞
1197,椒,91,木,898,叔
1198,椙,91,木,515,昌
1199,椚,91,木,407,門
1200,椛,91,木,621,花
1201,検,91,木,320,僉
1202,椡,91,木,585,到
1203,椢,91,木,502,国
1204,椣,91,木,200,典
1205,椥,91,木,473,知
1206,椦,91,木,210,劵
1207,椨,91,木,841,府
1208,椪,91,木,523,並
1209,椰,91,木,658,耶
1210,椴,91,木,833,段
1211,椹,91,木,74,甚
1212,椽,91,木,376,彖
1213,椿,91,木,597,春
1214,楊,91,木,326,昜
1215,楓,91,木,810,風
1216,楔,91,木,94,契
1217,楜,91,木,264,胡
1218,楝,91,木,625,柬
1219,楠,91,木,845,南
1220,楡,91,木,433,兪
1221,楢,91,木,900,酋
1222,楮,91,木,357,者
1223,楯,91,木,628,盾
1224,楳,91,木,312,某
1225,楴,91,木,951,帝
1226,極,91,木,741,亟
1227,楷,91,木,224,皆
1228,楸,91,木,87,秋
1229,楹,91,木,42,盈
1230,楼,91,木,837,婁
1231,楾,91,木,147,泉
1232,榁,91,木,489,室
1233,概,91,木,812,既
1234,榊,91,木,149,神
1235,榎,91,木,143,夏
1236,榔,91,木,399,郎
1237,榕,91,木,776,容
1238,榛,91,木,543,秦
1239,榜,91,木,538,旁
1240,榠,91,木,178,冥
1241,榧,91,木,646,匪
1242,榱,91,木,214,衰
1243,榴,91,木,747,留
1244,榾,91,木,281,骨
1245,榿,91,木,236,豈
1246,槁,91,木,594,高
1247,槇,91,木,760,眞
1248,槊,167,朔,796,木
1249,構,91,木,220,冓
1250,槌,91,木,6,追
1251,槍,91,木,778,倉
1252,槎,91,木,899,差
1253,槐,91,木,274,鬼
1254,槓,91,木,860,貢
1255,槙,91,木,604,真
1256,槝,91,木,840,島
1257,槞,91,木,300,竜
1258,槨,91,木,452,郭
1259,槫,91,木,888,專
1260,槭,91,木,104,戚
1261,槲,91,木,228,斛
1262,槹,91,木,654,皐
1263,槻,91,木,667,規
1264,槽,91,木,182,曹
1265,樅,91,木,869,從
1266,樋,91,木,501,通
1267,樌,91,木,512,貫
1268,樒,91,木,216,密
1269,樓,91,木,837,婁
1270,樔,91,木,45,巣
1271,標,91,木,728,票
1272,樞,91,木,725,區
1273,樟,91,木,797,章
1274,模,91,木,596,莫
1275,樢,91,木,284,鳥
1276,横,91,木,76,黄
1277,樫,91,木,692,堅
1278,樵,91,木,378,焦
1279,樶,91,木,570,最
1280,樺,91,木,181,華
1281,樽,91,木,687,尊
1282,橄,91,木,471,敢
1283,橇,91,木,917,毳
1284,橈,91,木,952,堯
1285,橋,91,木,62,喬
1286,橙,91,木,705,登
1287,機,91,木,668,幾
1288,橡,91,木,684,象
1289,橢,91,木,615,隋
1290,橦,91,木,151,童
1291,橲,91,木,946,喜
1292,橸,91,木,435,晶
1293,檀,91,木,883,亶
1294,檍,91,木,63,意
1295,檎,91,木,119,禽
1296,檜,91,木,634,會
1297,檢,91,木,320,僉
1298,檣,91,木,517,嗇
1299,檪,91,木,19,楽
1300,檬,91,木,206,蒙
1301,檮,91,木,245,壽
1302,檳,91,木,557,賓
1303,檸,91,木,799,寧
1304,檻,91,木,254,監
1305,櫁,91,木,177,蜜
1306,櫃,91,木,448,匱
1307,櫓,91,木,578,魯
1308,櫚,91,木,877,閭
1309,櫛,91,木,526,節
1310,櫞,91,木,173,縁
1311,櫟,91,木,561,樂
1312,櫨,91,木,111,盧
1313,櫪,91,木,551,歴
1314,櫻,91,木,887,嬰
1315,欄,91,木,722,闌
1316,欅,91,木,272,擧
1317,欖,91,木,902,覽
1318,欟,91,木,481,觀
1319,次,268,冫,252,欠
1320,欣,276,斤,252,欠
1321,欧,80,区,252,欠
1322,欲,124,谷,252,欠
1323,欷,160,希,252,欠
1324,欸,6,矣,252,欠
1325,欹,156,奇,252,欠
1326,欺,18,其,252,欠
1327,欽,57,金,252,欠
1328,歇,37,曷,252,欠
1329,歉,215,兼,252,欠
1330,歐,96,區,252,欠
1331,歔,72,虚,252,欠
1332,歙,21,翕,252,欠
1333,歛,103,僉,252,欠
1334,歟,168,與,252,欠
1335,此,15,止,938,匕
1336,殀,225,歹,397,夭
1337,殃,225,歹,522,央
1338,殆,225,歹,244,台
1339,殉,225,歹,485,旬
1340,殊,225,歹,124,朱
1341,残,225,歹,804,戋
1342,殍,225,歹,337,孚
1343,殖,225,歹,307,直
1344,殘,225,歹,370,戔
1345,殞,225,歹,552,員
1346,殪,225,歹,832,壹
1347,殫,225,歹,490,單
1348,殯,225,歹,557,賓
1349,殱,225,歹,311,裁
1350,殴,80,区,26,殳
1351,殻,34,壳,26,殳
1352,毆,96,區,26,殳
1353,毓,181,毎,271,㐬
1354,氈,190,亶,742,毛
1355,氓,139,亡,752,民
1356,氾,277,氵,606,卩
1357,汀,277,氵,444,丁
1358,汁,277,氵,80,十
1359,汎,277,氵,155,凡
1360,汐,277,氵,192,夕
1361,汕,277,氵,921,山
1362,汗,277,氵,554,干
1363,汝,277,氵,612,女
1364,江,277,氵,291,工
1365,池,277,氵,215,也
1366,汢,277,氵,141,土
1367,汨,277,氵,706,日
1368,汪,277,氵,549,王
1369,汰,277,氵,528,太
1370,汲,277,氵,417,及
1371,汳,277,氵,223,反
1372,決,277,氵,690,夬
1373,汽,277,氵,266,气
1374,汾,277,氵,305,分
1375,沁,277,氵,753,心
1376,沂,277,氵,213,斤
1377,沃,277,氵,397,夭
1378,沈,277,氵,783,冘
1379,沌,277,氵,103,屯
1380,沍,277,氵,287,互
1381,沐,277,氵,796,木
1382,沖,277,氵,945,中
1383,沙,277,氵,52,少
1384,沚,277,氵,237,止
1385,沛,277,氵,465,市
1386,没,277,氵,26,殳
1387,沢,277,氵,386,尺
1388,沫,277,氵,739,末
1389,沮,277,氵,794,且
1390,沱,277,氵,582,它
1391,河,277,氵,470,可
1392,沸,277,氵,750,弗
1393,油,277,氵,525,由
1394,沺,277,氵,533,田
1395,治,277,氵,244,台
1396,沼,277,氵,1,召
1397,沽,277,氵,934,古
1398,沾,277,氵,451,占
1399,沿,277,氵,677,㕣
1400,況,277,氵,660,兄
1401,泄,277,氵,230,世
1402,泅,277,氵,413,囚
1403,泊,277,氵,345,白
1404,泌,277,氵,282,必
1405,泓,277,氵,93,弘
1406,法,277,氵,145,去
1407,泙,277,氵,691,平
1408,泛,277,氵,109,乏
1409,泝,277,氵,476,斥
1410,泡,277,氵,698,包
1411,波,277,氵,679,皮
1412,泣,277,氵,191,立
1413,泥,277,氵,247,尼
1414,注,277,氵,415,主
1415,泪,277,氵,8,目
1416,泯,277,氵,752,民
1417,泱,277,氵,522,央
1418,泳,277,氵,560,永
1419,洋,277,氵,619,羊
1420,洌,277,氵,44,列
1421,洒,277,氵,818,西
1422,洗,277,氵,411,先
1423,洙,277,氵,124,朱
1424,洛,277,氵,740,各
1425,洞,277,氵,506,同
1426,洟,277,氵,261,夷
1427,津,277,氵,161,聿
1428,洩,277,氵,461,曳
1429,洪,277,氵,531,共
1430,洫,277,氵,28,血
1431,洲,277,氵,850,州
1432,洳,277,氵,21,如
1433,洵,277,氵,485,旬
1434,洶,277,氵,749,匈
1435,洸,277,氵,296,光
1436,活,277,氵,504,舌
1437,洽,277,氵,394,合
1438,派,277,氵,65,𠂢
1439,流,277,氵,271,㐬
1440,浄,277,氵,587,争
1441,浅,277,氵,804,戋
1442,浙,277,氵,400,折
1443,浜,277,氵,233,兵
1444,浣,277,氵,301,完
1445,浤,277,氵,38,宏
1446,浦,277,氵,758,甫
1447,浩,277,氵,382,告
1448,浪,277,氵,633,良
1449,浬,277,氵,700,里
1450,浮,277,氵,337,孚
1451,浴,277,氵,340,谷
1452,海,277,氵,389,毎
1453,浹,277,氵,875,夾
1454,消,277,氵,285,肖
1455,涌,277,氵,889,甬
1456,涎,277,氵,827,延
1457,涕,277,氵,600,弟
1458,涙,277,氵,716,戻
1459,涛,277,氵,325,寿
1460,涜,277,氵,396,売
1461,液,277,氵,37,夜
1462,涵,277,氵,928,函
1463,涸,277,氵,447,固
1464,涼,277,氵,318,京
1465,淀,277,氵,623,定
1466,淅,277,氵,482,析
1467,淆,277,氵,332,肴
1468,淇,277,氵,240,其
1469,淋,277,氵,699,林
1470,淌,277,氵,683,尚
1471,淑,277,氵,898,叔
1472,淒,277,氵,259,妻
1473,淙,277,氵,379,宗
1474,淞,277,氵,401,松
1475,淡,277,氵,186,炎
1476,淤,277,氵,601,於
1477,淦,277,氵,51,金
1478,淨,277,氵,405,爭
1479,淪,277,氵,414,侖
1480,淬,277,氵,935,卒
1481,淮,277,氵,826,隹
1482,淳,277,氵,565,享
1483,混,277,氵,121,昆
1484,淹,277,氵,3,奄
1485,淺,277,氵,370,戔
1486,清,277,氵,150,青
1487,渇,277,氵,500,曷
1488,済,277,氵,627,斉
1489,渉,277,氵,158,歩
1490,渓,277,氵,425,奚
1491,渙,277,氵,248,奐
1492,渚,277,氵,357,者
1493,減,277,氵,246,咸
1494,渝,277,氵,433,兪
1495,渟,277,氵,648,亭
1496,渡,277,氵,78,度
1497,渣,277,氵,380,査
1498,渤,277,氵,919,勃
1499,渥,277,氵,535,屋
1500,渦,277,氵,726,咼
1501,測,277,氵,906,則
1502,渭,277,氵,299,胃
1503,渮,277,氵,682,苛
1504,港,277,氵,328,巷
1505,渺,277,氵,442,眇
1506,渾,277,氵,927,軍
1507,湃,277,氵,277,拜
1508,湊,277,氵,912,奏
1509,湎,277,氵,817,面
1510,湖,277,氵,264,胡
1511,湘,277,氵,704,相
1512,湛,277,氵,74,甚
1513,湟,277,氵,505,皇
1514,湧,277,氵,579,勇
1515,湫,277,氵,87,秋
1516,湯,277,氵,326,昜
1517,湲,277,氵,464,爰
1518,湶,277,氵,147,泉
1519,湾,277,氵,830,弯
1520,満,277,氵,803,廿
1521,溂,277,氵,540,剌
1522,溌,277,氵,748,発
1523,溏,277,氵,674,唐
1524,源,277,氵,876,原
1525,溘,277,氵,613,盍
1526,溜,277,氵,747,留
1527,溝,277,氵,220,冓
1528,溟,277,氵,178,冥
1529,溢,277,氵,831,益
1530,溪,277,氵,425,奚
1531,溯,277,氵,132,朔
1532,溲,277,氵,539,叟
1533,溶,277,氵,776,容
1534,溺,277,氵,280,弱
1535,溽,277,氵,763,辱
1536,滂,277,氵,538,旁
1537,滄,277,氵,778,倉
1538,滉,277,氵,839,晃
1539,滋,277,氵,681,兹
1540,滌,277,氵,547,條
1541,滑,277,氵,281,骨
1542,滓,277,氵,588,宰
1543,滝,277,氵,300,竜
1544,滞,277,氵,617,帯
1545,滬,277,氵,100,扈
1546,滯,277,氵,25,帶
1547,滲,277,氵,534,參
1548,滷,277,氵,344,鹵
1549,滸,277,氵,558,許
1550,滾,277,氵,527,袞
1551,漁,277,氵,229,魚
1552,漂,277,氵,728,票
1553,漆,277,氵,936,桼
1554,漉,277,氵,940,鹿
1555,漑,277,氵,812,既
1556,演,277,氵,423,寅
1557,漕,277,氵,182,曹
1558,漠,277,氵,596,莫
1559,漣,277,氵,843,連
1560,漫,277,氵,48,曼
1561,漬,277,氵,91,責
1562,漲,277,氵,816,張
1563,漸,277,氵,630,斬
1564,潔,277,氵,302,絜
1565,潘,277,氵,315,番
1566,潜,277,氵,469,替
1567,潟,277,氵,834,舄
1568,潤,277,氵,257,閏
1569,潭,277,氵,204,覃
1570,潮,277,氵,234,朝
1571,潯,277,氵,348,尋
1572,潰,277,氵,352,貴
1573,潴,277,氵,808,猪
1574,潺,277,氵,374,孱
1575,潼,277,氵,151,童
1576,澄,277,氵,705,登
1577,澆,277,氵,952,堯
1578,澎,277,氵,770,彭
1579,澗,277,氵,195,間
1580,澣,277,氵,292,幹
1581,澪,277,氵,61,零
1582,澱,277,氵,197,殿
1583,澳,277,氵,738,奧
1584,激,277,氵,440,敫
1585,濁,277,氵,403,蜀
1586,濂,277,氵,835,廉
1587,濃,277,氵,886,農
1588,濆,277,氵,390,賁
1589,濔,277,氵,737,爾
1590,濘,277,氵,799,寧
1591,濛,277,氵,206,蒙
1592,濟,277,氵,314,齊
1593,濠,277,氵,4,豪
1594,濡,277,氵,576,需
1595,濤,277,氵,245,壽
1596,濫,277,氵,254,監
1597,濬,277,氵,329,睿
1598,濮,277,氵,30,僕
1599,濱,277,氵,557,賓
1600,濺,277,氵,556,賤
1601,濾,277,氵,854,慮
1602,瀁,277,氵,46,養
1603,瀉,277,氵,449,寫
1604,瀋,277,氵,513,審
1605,瀏,277,氵,179,劉
1606,瀑,277,氵,15,暴
1607,瀕,277,氵,809,頻
1608,瀘,277,氵,111,盧
1609,瀚,277,氵,870,翰
1610,瀝,277,氵,551,歴
1611,瀞,277,氵,334,静
1612,瀟,277,氵,881,蕭
1613,瀦,277,氵,258,豬
1614,瀧,277,氵,97,龍
1615,瀬,277,氵,518,頼
1616,瀰,277,氵,651,彌
1617,瀲,277,氵,637,斂
1618,瀾,277,氵,722,闌
1619,灑,277,氵,811,麗
1620,灘,277,氵,221,難
1621,灣,277,氵,910,彎
1622,灯,220,火,444,丁
1623,灼,220,火,456,勺
1624,炉,220,火,913,戸
1625,炊,220,火,252,欠
1626,炒,220,火,52,少
1627,炬,220,火,895,巨
1628,炮,220,火,698,包
1629,炳,220,火,317,丙
1630,炸,220,火,235,乍
1631,烙,220,火,740,各
1632,烟,220,火,655,因
1633,烱,220,火,514,冏
1634,焜,220,火,121,昆
1635,焼,220,火,368,尭
1636,煉,220,火,735,東
1637,煌,220,火,505,皇
1638,煖,220,火,464,爰
1639,煤,220,火,312,某
1640,煥,220,火,248,奐
1641,煩,220,火,201,頁
1642,煬,220,火,326,昜
1643,煽,220,火,339,扇
1644,熄,220,火,922,息
1645,熔,220,火,776,容
1646,熕,220,火,860,貢
1647,熾,220,火,239,音
1648,燃,220,火,255,然
1649,燈,220,火,705,登
1650,燉,220,火,733,敦
1651,燒,220,火,952,堯
1652,燔,220,火,315,番
1653,燗,220,火,195,間
1654,燠,220,火,738,奧
1655,燦,220,火,953,粲
1656,燧,220,火,745,遂
1657,燬,220,火,40,毀
1658,燭,220,火,403,蜀
1659,燵,220,火,29,達
1660,燻,220,火,212,熏
1661,燼,220,火,761,盡
1662,爆,220,火,15,暴
1663,爍,220,火,561,樂
1664,爐,220,火,111,盧
1665,爛,220,火,722,闌
1666,爼,61,爻,794,且
1667,牀,284,爿,796,木
1668,牆,284,爿,517,嗇
1669,版,231,片,223,反
1670,牋,231,片,370,戔
1671,牌,231,片,43,卑
1672,牘,231,片,185,賣
1673,牝,255,牛,938,匕
1674,牡,255,牛,141,土
1675,牧,255,牛,639,攴
1676,物,255,牛,250,勿
1677,牲,255,牛,649,生
1678,特,255,牛,32,寺
1679,牾,255,牛,591,吾
1680,犒,255,牛,594,高
1681,犠,255,牛,391,義
1682,犢,255,牛,185,賣
1683,犧,255,牛,125,羲
1684,犯,16,⺨,626,㔾
1685,犲,16,⺨,497,才
1686,状,183,⺦,83,犬
1687,犹,16,⺨,308,尤
1688,狂,16,⺨,549,王
1689,狃,16,⺨,209,丑
1690,狄,16,⺨,166,火
1691,狆,16,⺨,945,中
1692,狎,16,⺨,346,甲
1693,狐,16,⺨,363,瓜
1694,狒,16,⺨,750,弗
1695,狗,16,⺨,153,句
1696,狙,16,⺨,794,且
1697,狠,16,⺨,219,艮
1698,狡,16,⺨,207,交
1699,狢,16,⺨,740,各
1700,狩,16,⺨,688,守
1701,独,16,⺨,342,虫
1702,狭,16,⺨,920,夹
1703,狸,16,⺨,700,里
1704,狹,16,⺨,875,夾
1705,狼,16,⺨,633,良
1706,狽,16,⺨,712,貝
1707,猊,16,⺨,821,兒
1708,猖,16,⺨,515,昌
1709,猗,16,⺨,123,奇
1710,猛,16,⺨,764,孟
1711,猜,16,⺨,150,青
1712,猝,16,⺨,935,卒
1713,猟,16,⺨,118,鼡
1714,猥,16,⺨,73,畏
1715,猩,16,⺨,622,星
1716,猪,16,⺨,357,者
1717,猫,16,⺨,256,苗
1718,献,147,南,83,犬
1719,猴,16,⺨,891,侯
1720,猶,16,⺨,900,酋
1721,猷,208,酋,83,犬
1722,猾,16,⺨,281,骨
1723,猿,16,⺨,12,袁
1724,獅,16,⺨,7,師
1725,獏,16,⺨,596,莫
1726,獗,16,⺨,71,厥
1727,獨,16,⺨,403,蜀
1728,獪,16,⺨,634,會
1729,獰,16,⺨,799,寧
1730,獺,16,⺨,518,頼
1731,玖,88,王,165,久
1732,玩,88,王,188,元
1733,玲,88,王,47,令
1734,玳,88,王,499,代
1735,玻,88,王,679,皮
1736,珂,88,王,470,可
1737,珈,88,王,666,加
1738,珊,88,王,586,冊
1739,珎,88,王,641,尓
1740,珞,88,王,740,各
1741,珠,88,王,124,朱
1742,珥,88,王,572,耳
1743,珪,88,王,785,圭
1744,珸,88,王,591,吾
1745,現,88,王,108,見
1746,球,88,王,458,求
1747,琅,88,王,633,良
1748,理,88,王,700,里
1749,琉,88,王,271,㐬
1750,琢,88,王,142,豕
1751,琥,88,王,855,虎
1752,琲,88,王,432,非
1753,琳,88,王,699,林
1754,琺,88,王,156,法
1755,琿,88,王,927,軍
1756,瑁,88,王,136,冒
1757,瑚,88,王,264,胡
1758,瑛,88,王,602,英
1759,瑜,88,王,433,兪
1760,瑠,88,王,747,留
1761,瑪,88,王,270,馬
1762,瑯,88,王,399,郎
1763,瑰,88,王,274,鬼
1764,瑳,88,王,899,差
1765,璋,88,王,797,章
1766,環,88,王,894,睘
1767,瓊,88,王,645,夐
1768,瓏,88,王,97,龍
1769,瓔,88,王,887,嬰
1770,瓠,224,夸,363,瓜
1771,瓢,3,票,363,瓜
1772,瓶,32,并,116,瓦
1773,甌,96,區,116,瓦
1774,甎,198,專,116,瓦
1775,甑,265,曽,116,瓦
1776,甜,41,舌,581,甘
1777,甥,207,生,144,男
1778,町,65,田,444,丁
1779,畉,65,田,232,夫
1780,畊,65,田,495,井
1781,畋,65,田,487,攵
1782,畍,65,田,443,介
1783,畑,220,火,533,田
1784,畔,65,田,592,半
1785,畤,65,田,32,寺
1786,略,65,田,740,各
1787,畦,65,田,785,圭
1788,畩,65,田,846,衣
1789,畭,65,田,762,余
1790,畴,65,田,325,寿
1791,畸,65,田,123,奇
1792,疇,65,田,245,壽
1793,疎,217,疋,916,束
1794,疏,217,疋,271,㐬
1795,皰,236,皮,698,包
1796,皷,50,鼓,679,皮
1797,皸,248,軍,679,皮
1798,皹,236,皮,927,軍
1799,皺,110,芻,679,皮
1800,相,91,木,8,目
1801,盻,12,目,198,兮
1802,眄,12,目,609,正
1803,眇,12,目,52,少
1804,眛,12,目,336,未
1805,眠,12,目,752,民
1806,眤,12,目,247,尼
1807,眦,12,目,777,此
1808,眩,12,目,358,玄
1809,眸,12,目,711,牟
1810,眺,12,目,852,兆
1811,眼,12,目,219,艮
1812,睇,12,目,600,弟
1813,睛,12,目,150,青
1814,睡,12,目,721,垂
1815,睨,12,目,821,兒
1816,睹,12,目,357,者
1817,瞋,12,目,760,眞
1818,瞎,12,目,263,害
1819,瞑,12,目,178,冥
1820,瞠,12,目,387,堂
1821,瞬,12,目,911,舜
1822,瞰,12,目,471,敢
1823,瞳,12,目,151,童
1824,瞶,12,目,352,貴
1825,瞹,12,目,184,愛
1826,瞼,12,目,320,僉
1827,矇,12,目,206,蒙
1828,矚,12,目,293,屬
1829,矜,219,矛,133,今
1830,知,194,矢,643,口
1831,矧,194,矢,450,引
1832,矩,194,矢,895,巨
1833,短,194,矢,420,豆
1834,矮,194,矢,130,委
1835,矯,194,矢,62,喬
1836,矼,254,石,291,工
1837,砂,254,石,52,少
1838,砌,254,石,385,切
1839,砒,254,石,202,比
1840,研,254,石,642,幵
1841,砕,254,石,81,卆
1842,砠,254,石,794,且
1843,砧,254,石,451,占
1844,砲,254,石,698,包
1845,破,254,石,679,皮
1846,砿,254,石,519,広
1847,硅,254,石,785,圭
1848,硝,254,石,285,肖
1849,硫,254,石,271,㐬
1850,硬,254,石,947,更
1851,硯,254,石,108,見
1852,硲,254,石,340,谷
1853,硴,254,石,621,花
1854,硼,254,石,520,朋
1855,碇,254,石,623,定
1856,碎,254,石,935,卒
1857,碑,254,石,43,卑
1858,碓,254,石,826,隹
1859,碕,254,石,123,奇
1860,碗,254,石,871,宛
1861,碣,254,石,500,曷
1862,碩,254,石,201,頁
1863,碪,254,石,74,甚
1864,碵,254,石,908,貞
1865,確,254,石,436,寉
1866,碼,254,石,270,馬
1867,碾,254,石,35,展
1868,磁,254,石,681,兹
1869,磅,254,石,538,旁
1870,磆,254,石,281,骨
1871,磋,254,石,899,差
1872,磑,254,石,236,豈
1873,磔,254,石,941,桀
1874,磚,254,石,888,專
1875,磧,254,石,91,責
1876,磯,254,石,668,幾
1877,磴,254,石,705,登
1878,磽,254,石,952,堯
1879,礁,254,石,378,焦
1880,礇,254,石,738,奧
1881,礎,254,石,82,楚
1882,礑,254,石,99,當
1883,礒,254,石,391,義
1884,礙,254,石,792,疑
1885,礦,254,石,359,廣
1886,礫,254,石,561,樂
1887,礼,144,礻,319,乙
1888,社,144,礻,141,土
1889,祀,120,示,55,巳
1890,祁,120,示,169,⻏
1891,祇,120,示,409,氏
1892,祈,144,礻,213,斤
1893,祉,144,礻,237,止
1894,祐,144,礻,268,右
1895,祕,120,示,282,必
1896,祖,144,礻,794,且
1897,祚,120,示,235,乍
1898,祝,144,礻,660,兄
1899,神,144,礻,571,申
1900,祠,120,示,231,司
1901,祢,144,礻,641,尓
1902,祥,144,礻,619,羊
1903,祷,144,礻,325,寿
1904,祺,120,示,240,其
1905,禅,144,礻,885,単
1906,禊,120,示,94,契
1907,禍,144,礻,726,咼
1908,禎,144,礻,908,貞
1909,福,144,礻,730,畐
1910,禧,120,示,946,喜
1911,禪,120,示,490,單
1912,禮,120,示,102,豊
1913,禰,120,示,737,爾
1914,禳,120,示,163,襄
1915,私,78,禾,129,厶
1916,秋,78,禾,166,火
1917,科,78,禾,343,斗
1918,秒,78,禾,52,少
1919,秕,78,禾,202,比
1920,秘,78,禾,282,必
1921,租,78,禾,794,且
1922,秣,78,禾,739,末
1923,秤,78,禾,691,平
1924,秧,78,禾,522,央
1925,秩,78,禾,27,失
1926,秬,78,禾,895,巨
1927,称,78,禾,641,尓
1928,移,78,禾,727,多
1929,稀,78,禾,371,希
1930,稈,78,禾,309,旱
1931,程,78,禾,858,呈
1932,稍,78,禾,285,肖
1933,税,78,禾,511,兌
1934,稔,78,禾,347,念
1935,稗,78,禾,43,卑
1936,稘,78,禾,240,其
1937,稙,78,禾,307,直
1938,稚,78,禾,826,隹
1939,稠,78,禾,766,周
1940,種,78,禾,901,重
1941,稼,78,禾,897,家
1942,稿,78,禾,594,高
1943,穂,78,禾,275,恵
1944,穃,78,禾,776,容
1945,穉,78,禾,384,犀
1946,積,78,禾,91,責
1947,穐,78,禾,488,亀
1948,穗,78,禾,279,惠
1949,穡,78,禾,517,嗇
1950,穢,78,禾,10,歳
1951,穣,78,禾,163,襄
1952,穰,78,禾,163,襄
1953,竍,253,立,80,十
1954,竏,253,立,954,千
1955,竓,253,立,742,毛
1956,竕,253,立,305,分
1957,站,253,立,451,占
1958,竝,253,立,191,立
1959,竡,253,立,879,百
1960,竢,253,立,474,矣
1961,竦,253,立,916,束
1962,竭,253,立,500,曷
1963,端,253,立,66,耑
1964,竰,253,立,276,厘
1965,竸,131,竟,583,竟
1966,籵,185,米,80,十
1967,籾,185,米,462,刃
1968,粁,185,米,954,千
1969,粃,185,米,202,比
1970,粉,185,米,305,分
1971,粋,185,米,81,卆
1972,粍,185,米,742,毛
1973,粐,185,米,913,戸
1974,粒,185,米,191,立
1975,粗,185,米,794,且
1976,粘,185,米,451,占
1977,粡,185,米,506,同
1978,粧,185,米,298,庄
1979,粨,185,米,879,百
1980,粫,185,米,743,而
1981,粭,185,米,394,合
1982,粮,185,米,633,良
1983,粳,185,米,947,更
1984,粹,185,米,935,卒
1985,粽,185,米,379,宗
1986,精,185,米,150,青
1987,糀,185,米,621,花
1988,糂,185,米,74,甚
1989,糅,185,米,772,柔
1990,糊,185,米,264,胡
1991,糎,185,米,276,厘
1992,糖,185,米,674,唐
1993,糘,185,米,897,家
1994,糟,185,米,182,曹
1995,糠,185,米,429,康
1996,糢,185,米,596,莫
1997,糧,185,米,720,量
1998,糯,185,米,576,需
1999,糺,278,糸,319,乙
2000,糾,278,糸,453,丩
2001,紀,278,糸,853,己
2002,紂,278,糸,72,寸
2003,約,278,糸,456,勺
2004,紅,278,糸,291,工
2005,紆,278,糸,714,于
2006,紋,278,糸,848,文
2007,納,278,糸,644,内
2008,紐,278,糸,209,丑
2009,純,278,糸,103,屯
2010,紕,278,糸,202,比
2011,紗,278,糸,52,少
2012,紙,278,糸,409,氏
2013,級,278,糸,417,及
2014,紛,278,糸,305,分
2015,紜,278,糸,193,云
2016,紡,278,糸,167,方
2017,紬,278,糸,525,由
2018,細,278,糸,533,田
2019,紲,278,糸,230,世
2020,紳,278,糸,571,申
2021,紹,278,糸,1,召
2022,紺,278,糸,581,甘
2023,紿,278,糸,244,台
2024,終,278,糸,701,冬
2025,絃,278,糸,358,玄
2026,組,278,糸,794,且
2027,絆,278,糸,592,半
2028,絋,278,糸,519,広
2029,経,278,糸,824,圣
2030,絎,278,糸,88,行
2031,絏,278,糸,461,曳
2032,結,278,糸,168,吉
2033,絖,278,糸,296,光
2034,絞,278,糸,207,交
2035,絡,278,糸,740,各
2036,絢,278,糸,485,旬
2037,絣,278,糸,31,并
2038,給,278,糸,394,合
2039,絨,278,糸,273,戎
2040,統,278,糸,708,充
2041,絲,278,糸,217,糸
2042,絵,278,糸,780,会
2043,絶,278,糸,49,色
2044,絹,278,糸,929,肙
2045,絽,278,糸,884,呂
2046,綉,278,糸,322,秀
2047,綏,278,糸,426,妥
2048,続,278,糸,396,売
2049,綛,278,糸,537,忍
2050,綜,278,糸,379,宗
2051,綟,278,糸,716,戻
2052,綢,278,糸,766,周
2053,綣,278,糸,823,卷
2054,綫,278,糸,370,戔
2055,綬,278,糸,798,受
2056,維,278,糸,826,隹
2057,綰,278,糸,755,官
2058,綱,278,糸,503,岡
2059,網,278,糸,638,罔
2060,綵,278,糸,904,采
2061,綸,278,糸,414,侖
2062,綺,278,糸,123,奇
2063,綻,278,糸,623,定
2064,綽,278,糸,670,卓
2065,綿,278,糸,395,帛
2066,緋,278,糸,432,非
2067,総,278,糸,128,忩
2068,緑,278,糸,862,彔
2069,緒,278,糸,357,者
2070,緕,278,糸,627,斉
2071,緘,278,糸,246,咸
2072,線,278,糸,147,泉
2073,緜,191,帛,492,系
2074,緞,278,糸,833,段
2075,締,278,糸,951,帝
2076,編,278,糸,671,扁
2077,緩,278,糸,464,爰
2078,緬,278,糸,817,面
2079,緯,278,糸,484,韋
2080,緲,278,糸,442,眇
2081,練,278,糸,735,東
2082,緻,278,糸,524,致
2083,縁,278,糸,376,彖
2084,縅,278,糸,573,威
2085,縉,278,糸,635,晉
2086,縊,278,糸,831,益
2087,縋,278,糸,6,追
2088,縒,278,糸,899,差
2089,縛,278,糸,422,尃
2090,縞,278,糸,594,高
2091,縟,278,糸,763,辱
2092,縡,278,糸,588,宰
2093,縣,287,県,492,系
2094,縦,278,糸,868,従
2095,縫,278,糸,813,逢
2096,縮,278,糸,548,宿
2097,縱,278,糸,869,從
2098,縲,278,糸,249,累
2099,縵,278,糸,48,曼
2100,縷,278,糸,837,婁
2101,縹,278,糸,728,票
2102,縺,278,糸,843,連
2103,績,278,糸,91,責
2104,繃,278,糸,288,崩
2105,繍,278,糸,373,粛
2106,織,278,糸,410,戠
2107,繕,278,糸,736,善
2108,繖,278,糸,294,散
2109,繙,278,糸,315,番
2110,繝,278,糸,195,間
2111,繞,278,糸,952,堯
2112,繦,278,糸,110,強
2113,繧,278,糸,406,雲
2114,繩,278,糸,360,黽
2115,繪,278,糸,634,會
2116,繻,278,糸,576,需
2117,繽,278,糸,557,賓
2118,繿,278,糸,254,監
2119,纃,278,糸,314,齊
2120,纈,278,糸,205,頡
2121,纉,278,糸,632,賛
2122,續,278,糸,185,賣
2123,纎,278,糸,311,裁
2124,纏,278,糸,253,廛
2125,纓,278,糸,887,嬰
2126,纜,278,糸,902,覽
2127,缸,186,缶,291,工
2128,缺,186,缶,690,夬
2129,罎,186,缶,381,曇
2130,羚,173,羊,47,令
2131,群,63,君,619,羊
2132,羯,173,羊,500,曷
2133,羶,173,羊,883,亶
2134,翊,253,立,872,羽
2135,翔,173,羊,872,羽
2136,翩,230,扁,872,羽
2137,翫,232,習,188,元
2138,翻,98,番,872,羽
2139,耐,19,而,72,寸
2140,耕,133,耒,495,井
2141,耗,133,耒,742,毛
2142,耘,133,耒,193,云
2143,耙,133,耒,893,巴
2144,耡,133,耒,665,助
2145,耨,133,耒,763,辱
2146,耶,123,耳,169,⻏
2147,耻,123,耳,237,止
2148,耿,123,耳,166,火
2149,聆,123,耳,47,令
2150,聊,123,耳,92,卯
2151,聒,123,耳,504,舌
2152,聢,123,耳,623,定
2153,職,123,耳,410,戠
2154,聹,123,耳,799,寧
2155,肆,118,長,161,聿
2156,肋,31,月,598,力
2157,肌,31,月,948,几
2158,肘,31,月,72,寸
2159,肚,31,月,141,土
2160,肛,31,月,291,工
2161,肝,31,月,554,干
2162,股,31,月,26,殳
2163,肢,31,月,789,支
2164,肥,31,月,893,巴
2165,肪,31,月,167,方
2166,肬,31,月,308,尤
2167,肭,31,月,644,内
2168,肺,31,月,465,市
2169,胆,31,月,211,旦
2170,胎,31,月,244,台
2171,胖,31,月,592,半
2172,胙,31,月,235,乍
2173,胚,31,月,404,丕
2174,胛,31,月,346,甲
2175,胞,31,月,698,包
2176,胡,258,古,494,月
2177,胯,31,月,914,夸
2178,胱,31,月,296,光
2179,胴,31,月,506,同
2180,胸,31,月,749,匈
2181,胼,31,月,31,并
2182,脂,31,月,34,旨
2183,脆,31,月,174,危
2184,脈,31,月,65,𠂢
2185,脉,31,月,560,永
2186,脚,31,月,863,却
2187,脯,31,月,758,甫
2188,脱,31,月,511,兌
2189,脹,31,月,825,長
2190,脾,31,月,43,卑
2191,腆,31,月,200,典
2192,腋,31,月,37,夜
2193,腑,31,月,841,府
2194,腓,31,月,432,非
2195,腔,31,月,802,空
2196,腕,31,月,871,宛
2197,腟,31,月,489,室
2198,腥,31,月,622,星
2199,腫,31,月,901,重
2200,腮,31,月,640,思
2201,腰,31,月,36,要
2202,腱,31,月,866,建
2203,腴,31,月,218,臾
2204,腸,31,月,326,昜
2205,腹,31,月,734,复
2206,腺,31,月,147,泉
2207,腿,31,月,170,退
2208,膀,31,月,538,旁
2209,膈,31,月,815,鬲
2210,膕,31,月,267,國
2211,膜,31,月,596,莫
2212,膣,31,月,11,窒
2213,膤,31,月,709,雪
2214,膨,31,月,770,彭
2215,膩,31,月,22,貳
2216,膰,31,月,315,番
2217,膳,31,月,736,善
2218,膵,31,月,159,萃
2219,膾,31,月,634,會
2220,膿,31,月,886,農
2221,臆,31,月,63,意
2222,臈,31,月,550,葛
2223,臉,31,月,320,僉
2224,臍,31,月,314,齊
2225,臑,31,月,576,需
2226,臓,31,月,412,蔵
2227,臙,31,月,555,燕
2228,臚,31,月,111,盧
2229,臟,31,月,480,藏
2230,臥,77,臣,115,人
2231,致,94,至,639,攴
2232,臻,94,至,543,秦
2233,舐,41,舌,409,氏
2234,舒,51,舍,69,予
2235,舖,51,舍,758,甫
2236,舘,51,舍,755,官
2237,舩,161,舟,496,公
2238,航,161,舟,23,亢
2239,舫,161,舟,167,方
2240,般,161,舟,26,殳
2241,舮,161,舟,913,戸
2242,舳,161,舟,525,由
2243,舵,161,舟,582,它
2244,舶,161,舟,345,白
2245,舷,161,舟,358,玄
2246,舸,161,舟,470,可
2247,船,161,舟,677,㕣
2248,艀,161,舟,337,孚
2249,艇,161,舟,398,廷
2250,艘,161,舟,539,叟
2251,艙,161,舟,778,倉
2252,艚,161,舟,182,曹
2253,艝,161,舟,709,雪
2254,艟,161,舟,151,童
2255,艢,161,舟,517,嗇
2256,艤,161,舟,391,義
2257,艦,161,舟,254,監
2258,艨,161,舟,206,蒙
2259,艪,161,舟,578,魯
2260,艫,161,舟,111,盧
2261,艶,122,豊,49,色
2262,艷,246,豐,49,色
2263,號,76,号,855,虎
2264,虹,126,虫,291,工
2265,虻,126,虫,349,亡
2266,蚊,126,虫,848,文
2267,蚋,126,虫,644,内
2268,蚓,126,虫,450,引
2269,蚣,126,虫,496,公
2270,蚪,126,虫,343,斗
2271,蚫,126,虫,698,包
2272,蚯,126,虫,719,丘
2273,蚰,126,虫,525,由
2274,蚶,126,虫,581,甘
2275,蛄,126,虫,934,古
2276,蛆,126,虫,794,且
2277,蛇,126,虫,582,它
2278,蛉,126,虫,47,令
2279,蛔,126,虫,402,回
2280,蛙,126,虫,785,圭
2281,蛛,126,虫,124,朱
2282,蛞,126,虫,504,舌
2283,蛟,126,虫,207,交
2284,蛤,126,虫,394,合
2285,蛭,126,虫,310,至
2286,蛯,126,虫,724,老
2287,蛸,126,虫,285,肖
2288,蛹,126,虫,889,甬
2289,蛻,126,虫,511,兌
2290,蛾,126,虫,678,我
2291,蜆,126,虫,108,見
2292,蜈,126,虫,782,呉
2293,蜉,126,虫,337,孚
2294,蜊,126,虫,140,利
2295,蜍,126,虫,762,余
2296,蜒,126,虫,827,延
2297,蜘,126,虫,473,知
2298,蜥,126,虫,482,析
2299,蜩,126,虫,766,周
2300,蜴,126,虫,791,易
2301,蜷,126,虫,823,卷
2302,蜻,126,虫,150,青
2303,蜿,126,虫,871,宛
2304,蝉,126,虫,885,単
2305,蝋,126,虫,118,鼡
2306,蝌,126,虫,86,科
2307,蝎,126,虫,500,曷
2308,蝓,126,虫,433,兪
2309,蝕,244,飠,342,虫
2310,蝗,126,虫,505,皇
2311,蝙,126,虫,671,扁
2312,蝟,126,虫,299,胃
2313,蝪,126,虫,326,昜
2314,蝴,126,虫,264,胡
2315,蝸,126,虫,726,咼
2316,螂,126,虫,399,郎
2317,融,107,鬲,342,虫
2318,螟,126,虫,178,冥
2319,螳,126,虫,387,堂
2320,螺,126,虫,249,累
2321,螻,126,虫,837,婁
2322,蟀,126,虫,353,率
2323,蟆,126,虫,596,莫
2324,蟋,126,虫,101,悉
2325,蟐,126,虫,624,常
2326,蟒,126,虫,199,莽
2327,蟠,126,虫,315,番
2328,蟯,126,虫,952,堯
2329,蟶,126,虫,117,聖
2330,蟷,126,虫,99,當
2331,蟻,126,虫,391,義
2332,蠅,126,虫,360,黽
2333,蠍,126,虫,17,歇
2334,蠏,126,虫,483,解
2335,蠑,126,虫,771,榮
2336,蠕,126,虫,576,需
2337,衂,29,血,800,刄
2338,衄,29,血,209,丑
2339,衫,154,衤,289,彡
2340,衲,154,衤,644,内
2341,衵,154,衤,706,日
2342,衽,154,衤,113,壬
2343,衿,154,衤,133,今
2344,袂,154,衤,690,夬
2345,袍,154,衤,698,包
2346,袒,154,衤,211,旦
2347,袖,154,衤,525,由
2348,袢,154,衤,592,半
2349,被,154,衤,679,皮
2350,袮,154,衤,641,尓
2351,袱,154,衤,663,伏
2352,袴,154,衤,914,夸
2353,袵,154,衤,744,任
2354,袷,154,衤,394,合
2355,袿,154,衤,785,圭
2356,裄,154,衤,88,行
2357,裕,154,衤,340,谷
2358,裙,154,衤,286,君
2359,補,154,衤,758,甫
2360,裡,154,衤,700,里
2361,裲,154,衤,89,兩
2362,裸,154,衤,795,果
2363,裼,154,衤,791,易
2364,裾,154,衤,787,居
2365,褂,154,衤,77,卦
2366,褄,154,衤,259,妻
2367,複,154,衤,734,复
2368,褊,154,衤,671,扁
2369,褌,154,衤,927,軍
2370,褐,154,衤,500,曷
2371,褓,154,衤,775,保
2372,褝,154,衤,885,単
2373,褥,154,衤,763,辱
2374,褪,154,衤,170,退
2375,褶,154,衤,918,習
2376,褸,154,衤,837,婁
2377,襁,154,衤,110,強
2378,襌,154,衤,490,單
2379,襍,154,衤,269,集
2380,襖,154,衤,767,奥
2381,襟,154,衤,122,禁
2382,襠,154,衤,99,當
2383,襤,154,衤,254,監
2384,襦,154,衤,576,需
2385,襪,154,衤,498,蔑
2386,襭,154,衤,205,頡
2387,襯,154,衤,532,親
2388,襴,154,衤,722,闌
2389,襷,154,衤,272,擧
2390,規,2,夫,108,見
2391,視,144,礻,108,見
2392,覗,1,司,108,見
2393,覘,259,占,108,見
2394,覡,171,巫,108,見
2395,覦,237,兪,108,見
2396,覩,151,者,108,見
2397,覬,13,豈,108,見
2398,覯,281,冓,108,見
2399,覿,245,賣,108,見
2400,觚,36,角,363,瓜
2401,触,36,角,342,虫
2402,觧,36,角,619,羊
2403,觸,36,角,403,蜀
2404,訂,64,言,444,丁
2405,訃,64,言,486,卜
2406,計,64,言,80,十
2407,訌,64,言,291,工
2408,討,64,言,72,寸
2409,訐,64,言,554,干
2410,訓,64,言,190,川
2411,訖,64,言,822,乞
2412,託,64,言,659,乇
2413,記,64,言,853,己
2414,訛,64,言,454,化
2415,訝,64,言,892,牙
2416,訟,64,言,496,公
2417,訣,64,言,690,夬
2418,訥,64,言,644,内
2419,訪,64,言,167,方
2420,設,64,言,26,殳
2421,許,64,言,372,午
2422,訳,64,言,386,尺
2423,訴,64,言,476,斥
2424,訶,64,言,470,可
2425,註,64,言,415,主
2426,証,64,言,609,正
2427,詁,64,言,934,古
2428,詐,64,言,235,乍
2429,詑,64,言,582,它
2430,詒,64,言,244,台
2431,詔,64,言,1,召
2432,評,64,言,691,平
2433,詛,64,言,794,且
2434,詞,64,言,231,司
2435,詠,64,言,560,永
2436,詢,64,言,485,旬
2437,詣,64,言,34,旨
2438,試,64,言,33,式
2439,詩,64,言,32,寺
2440,詫,64,言,139,宅
2441,詬,64,言,172,后
2442,詭,64,言,174,危
2443,詮,64,言,297,全
2444,詰,64,言,168,吉
2445,話,64,言,504,舌
2446,該,64,言,350,亥
2447,詳,64,言,619,羊
2448,詼,64,言,851,灰
2449,誂,64,言,852,兆
2450,誄,64,言,589,耒
2451,誅,64,言,124,朱
2452,誇,64,言,914,夸
2453,誌,64,言,669,志
2454,認,64,言,537,忍
2455,誑,64,言,457,狂
2456,誕,64,言,827,延
2457,誘,64,言,322,秀
2458,誚,64,言,285,肖
2459,語,64,言,591,吾
2460,誠,64,言,9,成
2461,誡,64,言,369,戒
2462,誣,64,言,618,巫
2463,誤,64,言,782,呉
2464,誥,64,言,382,告
2465,誦,64,言,889,甬
2466,誨,64,言,389,毎
2467,説,64,言,511,兌
2468,読,64,言,396,売
2469,誰,64,言,826,隹
2470,課,64,言,795,果
2471,誹,64,言,432,非
2472,誼,64,言,126,宜
2473,調,64,言,766,周
2474,諄,64,言,565,享
2475,談,64,言,186,炎
2476,請,64,言,150,青
2477,諌,64,言,735,東
2478,諍,64,言,405,爭
2479,諏,64,言,171,取
2480,諒,64,言,318,京
2481,論,64,言,414,侖
2482,諚,64,言,623,定
2483,諛,64,言,218,臾
2484,諞,64,言,671,扁
2485,諠,64,言,672,宣
2486,諢,64,言,927,軍
2487,諤,64,言,57,咢
2488,諦,64,言,951,帝
2489,諧,64,言,224,皆
2490,諫,64,言,625,柬
2491,諭,64,言,433,兪
2492,諮,64,言,313,咨
2493,諱,64,言,484,韋
2494,諳,64,言,239,音
2495,諷,64,言,810,風
2496,諸,64,言,357,者
2497,諺,64,言,428,彦
2498,諾,64,言,361,若
2499,謀,64,言,312,某
2500,謁,64,言,500,曷
2501,謂,64,言,299,胃
2502,謌,64,言,338,哥
2503,謎,64,言,896,迷
2504,謔,64,言,67,虐
2505,謗,64,言,538,旁
2506,謙,64,言,657,兼
2507,謚,64,言,831,益
2508,講,64,言,220,冓
2509,謝,64,言,564,射
2510,謡,64,言,509,䍃
2511,謨,64,言,596,莫
2512,謳,64,言,725,區
2513,謹,64,言,562,𦰌
2514,謾,64,言,48,曼
2515,譁,64,言,181,華
2516,證,64,言,705,登
2517,譌,64,言,176,爲
2518,譏,64,言,668,幾
2519,識,64,言,410,戠
2520,譚,64,言,204,覃
2521,譛,64,言,469,替
2522,譜,64,言,759,普
2523,議,64,言,391,義
2524,譲,64,言,163,襄
2525,譴,64,言,148,遣
2526,讀,64,言,185,賣
2527,讃,64,言,632,賛
2528,讌,64,言,555,燕
2529,讓,64,言,163,襄
2530,讚,64,言,189,贊
2531,谺,124,谷,892,牙
2532,谿,229,奚,340,谷
2533,豁,38,害,340,谷
2534,豌,227,豆,871,宛
2535,豚,31,月,142,豕
2536,豫,83,予,684,象
2537,豬,178,豕,357,者
2538,豹,30,豸,456,勺
2539,豺,30,豸,497,才
2540,豼,30,豸,202,比
2541,貂,30,豸,1,召
2542,貅,30,豸,324,休
2543,貉,30,豸,740,各
2544,貊,30,豸,879,百
2545,貌,30,豸,13,皃
2546,貍,30,豸,700,里
2547,貎,30,豸,821,兒
2548,貘,30,豸,596,莫
2549,財,273,貝,497,才
2550,販,273,貝,223,反
2551,貶,273,貝,109,乏
2552,貼,273,貝,451,占
2553,貽,273,貝,244,台
2554,賂,273,貝,740,各
2555,賊,273,貝,273,戎
2556,賍,273,貝,298,庄
2557,賎,273,貝,370,戔
2558,賑,273,貝,567,辰
2559,賜,273,貝,791,易
2560,賤,273,貝,370,戔
2561,賦,273,貝,652,武
2562,賭,273,貝,357,者
2563,賺,273,貝,657,兼
2564,購,273,貝,220,冓
2565,贈,273,貝,459,曽
2566,贐,273,貝,761,盡
2567,贓,273,貝,16,臧
2568,贖,273,貝,185,賣
2569,赦,256,赤,487,攵
2570,赫,256,赤,693,赤
2571,赭,256,赤,357,者
2572,趺,214,足,232,夫
2573,趾,214,足,237,止
2574,跂,214,足,789,支
2575,跌,214,足,27,失
2576,跏,214,足,666,加
2577,跖,214,足,695,石
2578,跚,214,足,586,冊
2579,跛,214,足,679,皮
2580,距,214,足,895,巨
2581,跟,214,足,219,艮
2582,跡,214,足,408,亦
2583,跣,214,足,411,先
2584,跨,214,足,914,夸
2585,跪,214,足,174,危
2586,路,214,足,740,各
2587,跳,214,足,852,兆
2588,践,214,足,804,戋
2589,跼,214,足,306,局
2590,跿,214,足,769,走
2591,踈,214,足,916,束
2592,踉,214,足,633,良
2593,踊,214,足,889,甬
2594,踏,214,足,41,沓
2595,踐,214,足,370,戔
2596,踝,214,足,795,果
2597,踞,214,足,787,居
2598,踟,214,足,473,知
2599,踪,214,足,379,宗
2600,踰,214,足,433,兪
2601,踴,214,足,579,勇
2602,踵,214,足,901,重
2603,蹂,214,足,772,柔
2604,蹄,214,足,951,帝
2605,蹉,214,足,899,差
2606,蹊,214,足,425,奚
2607,蹌,214,足,778,倉
2608,蹐,214,足,614,脊
2609,蹕,214,足,95,畢
2610,蹟,214,足,91,責
2611,蹠,214,足,890,庶
2612,蹤,214,足,869,從
2613,蹲,214,足,687,尊
2614,蹴,214,足,656,就
2615,蹶,214,足,71,厥
2616,躅,214,足,403,蜀
2617,躇,214,足,196,著
2618,躊,214,足,245,壽
2619,躋,214,足,314,齊
2620,躑,214,足,779,鄭
2621,躓,214,足,774,質
2622,躔,214,足,253,廛
2623,躡,214,足,242,聶
2624,躪,214,足,194,藺
2625,躬,286,身,784,弓
2626,躯,286,身,545,区
2627,躰,286,身,427,本
2628,躱,286,身,208,朶
2629,躾,286,身,820,美
2630,軅,286,身,75,雁
2631,軆,286,身,102,豊
2632,軈,286,身,603,應
2633,軋,243,車,319,乙
2634,軌,243,車,53,九
2635,軒,243,車,554,干
2636,軛,243,車,944,厄
2637,軟,243,車,252,欠
2638,転,243,車,193,云
2639,軸,243,車,525,由
2640,軻,243,車,470,可
2641,軼,243,車,27,失
2642,軽,243,車,824,圣
2643,軾,243,車,33,式
2644,較,243,車,207,交
2645,輅,243,車,740,各
2646,輊,243,車,310,至
2647,輌,243,車,718,両
2648,輓,243,車,154,免
2649,輔,243,車,758,甫
2650,輙,243,車,171,取
2651,輛,243,車,89,兩
2652,輝,79,光,927,軍
2653,輪,243,車,414,侖
2654,輳,243,車,912,奏
2655,輸,243,車,433,兪
2656,輾,243,車,35,展
2657,轄,243,車,263,害
2658,轅,243,車,12,袁
2659,轆,243,車,940,鹿
2660,轉,243,車,888,專
2661,轌,243,車,709,雪
2662,轎,243,車,62,喬
2663,轗,243,車,757,感
2664,轜,243,車,576,需
2665,轢,243,車,561,樂
2666,轣,243,車,551,歴
2667,轤,243,車,111,盧
2668,辞,41,舌,566,辛
2669,辣,113,辛,916,束
2670,邦,9,丰,169,⻏
2671,邨,125,屯,169,⻏
2672,邪,203,牙,169,⻏
2673,邯,132,甘,169,⻏
2674,邱,282,丘,169,⻏
2675,邵,5,召,169,⻏
2676,邸,155,氐,169,⻏
2677,郁,45,有,169,⻏
2678,郊,269,交,169,⻏
2679,郎,189,良,169,⻏
2680,郛,117,孚,169,⻏
2681,郡,63,君,169,⻏
2682,郢,158,呈,169,⻏
2683,郤,124,谷,169,⻏
2684,郭,111,享,169,⻏
2685,郵,283,垂,169,⻏
2686,都,151,者,169,⻏
2687,鄂,66,咢,169,⻏
2688,鄒,110,芻,169,⻏
2689,鄭,218,奠,169,⻏
2690,鄲,27,單,169,⻏
2691,酊,7,酉,444,丁
2692,酌,7,酉,456,勺
2693,配,7,酉,853,己
2694,酎,7,酉,72,寸
2695,酒,277,氵,475,酉
2696,酔,7,酉,81,卆
2697,酘,7,酉,26,殳
2698,酢,7,酉,235,乍
2699,酣,7,酉,581,甘
2700,酥,7,酉,295,禾
2701,酩,7,酉,241,名
2702,酪,7,酉,740,各
2703,酬,7,酉,850,州
2704,酲,7,酉,858,呈
2705,酵,7,酉,842,孝
2706,酷,7,酉,382,告
2707,酸,7,酉,732,夋
2708,醂,7,酉,699,林
2709,醇,7,酉,565,享
2710,醉,7,酉,935,卒
2711,醋,7,酉,807,昔
2712,醍,7,酉,262,是
2713,醐,7,酉,264,胡
2714,醒,7,酉,622,星
2715,醗,7,酉,748,発
2716,醜,7,酉,274,鬼
2717,醴,7,酉,102,豊
2718,醸,7,酉,163,襄
2719,醺,7,酉,212,熏
2720,釀,7,酉,163,襄
2721,釈,8,釆,386,尺
2722,釉,8,釆,525,由
2723,野,263,里,69,予
2724,釖,57,金,544,刀
2725,釘,57,金,444,丁
2726,釛,57,金,598,力
2727,針,57,金,80,十
2728,釟,57,金,364,八
2729,釣,57,金,456,勺
2730,釦,57,金,643,口
2731,釧,57,金,190,川
2732,釵,57,金,14,叉
2733,釶,57,金,215,也
2734,釼,57,金,800,刄
2735,釿,57,金,213,斤
2736,鈍,57,金,103,屯
2737,鈎,57,金,675,勾
2738,鈑,57,金,223,反
2739,鈔,57,金,52,少
2740,鈕,57,金,209,丑
2741,鈞,57,金,710,匀
2742,鈩,57,金,913,戸
2743,鈬,57,金,386,尺
2744,鈴,57,金,47,令
2745,鈷,57,金,934,古
2746,鈿,57,金,533,田
2747,鉄,57,金,27,失
2748,鉅,57,金,895,巨
2749,鉈,57,金,582,它
2750,鉉,57,金,358,玄
2751,鉋,57,金,698,包
2752,鉐,57,金,695,石
2753,鉗,57,金,581,甘
2754,鉚,57,金,92,卯
2755,鉛,57,金,677,㕣
2756,鉞,57,金,472,戉
2757,鉢,57,金,427,本
2758,鉤,57,金,153,句
2759,鉦,57,金,609,正
2760,鉱,57,金,519,広
2761,鉾,57,金,711,牟
2762,銀,57,金,219,艮
2763,銃,57,金,708,充
2764,銅,57,金,506,同
2765,銑,57,金,411,先
2766,銓,57,金,297,全
2767,銕,57,金,261,夷
2768,銖,57,金,124,朱
2769,銘,57,金,241,名
2770,銚,57,金,852,兆
2771,銛,57,金,504,舌
2772,銭,57,金,804,戋
2773,銷,57,金,285,肖
2774,銹,57,金,322,秀
2775,鋏,57,金,875,夾
2776,鋤,57,金,665,助
2777,鋩,57,金,559,芒
2778,鋪,57,金,758,甫
2779,鋭,57,金,511,兌
2780,鋲,57,金,233,兵
2781,鋳,57,金,325,寿
2782,鋸,57,金,787,居
2783,鋺,57,金,871,宛
2784,鋼,57,金,503,岡
2785,錆,57,金,150,青
2786,錏,57,金,686,亞
2787,錐,57,金,826,隹
2788,錘,57,金,721,垂
2789,錚,57,金,405,爭
2790,錠,57,金,623,定
2791,錢,57,金,370,戔
2792,錦,57,金,395,帛
2793,錨,57,金,256,苗
2794,錫,57,金,791,易
2795,錬,57,金,735,東
2796,錮,57,金,447,固
2797,錯,57,金,807,昔
2798,録,57,金,862,彔
2799,錵,57,金,621,花
2800,錺,57,金,164,芳
2801,錻,57,金,652,武
2802,鍄,57,金,318,京
2803,鍋,57,金,726,咼
2804,鍍,57,金,78,度
2805,鍔,57,金,57,咢
2806,鍖,57,金,74,甚
2807,鍛,57,金,833,段
2808,鍠,57,金,505,皇
2809,鍬,57,金,87,秋
2810,鍮,57,金,433,兪
2811,鍵,57,金,866,建
2812,鍼,57,金,246,咸
2813,鍾,57,金,901,重
2814,鎌,57,金,657,兼
2815,鎔,57,金,776,容
2816,鎗,57,金,778,倉
2817,鎚,57,金,6,追
2818,鎧,57,金,236,豈
2819,鎬,57,金,594,高
2820,鎭,57,金,760,眞
2821,鎮,57,金,604,真
2822,鎰,57,金,831,益
2823,鎹,57,金,541,送
2824,鏃,57,金,847,族
2825,鏈,57,金,843,連
2826,鏗,57,金,692,堅
2827,鏘,57,金,939,將
2828,鏝,57,金,48,曼
2829,鏡,57,金,583,竟
2830,鏤,57,金,837,婁
2831,鏥,57,金,548,宿
2832,鐃,57,金,952,堯
2833,鐇,57,金,315,番
2834,鐓,57,金,733,敦
2835,鐔,57,金,204,覃
2836,鐘,57,金,151,童
2837,鐙,57,金,705,登
2838,鐚,57,金,508,惡
2839,鐡,57,金,356,載
2840,鐫,57,金,819,雋
2841,鐵,57,金,356,載
2842,鐺,57,金,99,當
2843,鑄,57,金,245,壽
2844,鑑,57,金,254,監
2845,鑓,57,金,148,遣
2846,鑚,57,金,632,賛
2847,鑛,57,金,359,廣
2848,鑠,57,金,561,樂
2849,鑢,57,金,854,慮
2850,鑪,57,金,111,盧
2851,鑰,57,金,321,龠
2852,鑷,57,金,242,聶
2853,鑼,57,金,127,羅
2854,鑽,57,金,189,贊
2855,钁,57,金,577,矍
2856,阡,60,⻖,954,千
2857,阨,60,⻖,944,厄
2858,阪,60,⻖,223,反
2859,阮,60,⻖,188,元
2860,阯,60,⻖,237,止
2861,防,60,⻖,167,方
2862,阻,60,⻖,794,且
2863,阿,60,⻖,470,可
2864,陀,60,⻖,582,它
2865,陂,60,⻖,679,皮
2866,附,60,⻖,467,付
2867,陌,60,⻖,879,百
2868,降,60,⻖,341,夅
2869,陏,60,⻖,768,有
2870,限,60,⻖,219,艮
2871,陜,60,⻖,875,夾
2872,陟,60,⻖,158,歩
2873,院,60,⻖,301,完
2874,陣,60,⻖,925,車
2875,除,60,⻖,762,余
2876,陦,60,⻖,325,寿
2877,陬,60,⻖,171,取
2878,陲,60,⻖,721,垂
2879,陳,60,⻖,735,東
2880,陵,60,⻖,463,坴
2881,陸,60,⻖,463,坴
2882,険,60,⻖,320,僉
2883,陽,60,⻖,326,昜
2884,隅,60,⻖,593,禺
2885,隈,60,⻖,73,畏
2886,隍,60,⻖,505,皇
2887,階,60,⻖,224,皆
2888,隔,60,⻖,815,鬲
2889,隕,60,⻖,552,員
2890,隗,60,⻖,274,鬼
2891,際,60,⻖,39,祭
2892,障,60,⻖,797,章
2893,隧,60,⻖,745,遂
2894,險,60,⻖,320,僉
2895,隴,60,⻖,97,龍
2896,雄,116,厷,826,隹
2897,雅,203,牙,826,隹
2898,雉,194,矢,826,隹
2899,雌,67,此,826,隹
2900,雎,85,且,826,隹
2901,雕,44,周,826,隹
2902,雛,110,芻,826,隹
2903,離,10,离,826,隹
2904,靆,205,雲,251,逮
2905,靉,205,雲,184,愛
2906,靖,253,立,150,青
2907,静,196,青,587,争
2908,靜,196,青,405,爭
2909,靤,109,面,698,包
2910,靦,109,面,108,見
2911,靫,272,革,14,叉
2912,靭,272,革,462,刃
2913,靱,272,革,800,刄
2914,靴,272,革,454,化
2915,靹,272,革,644,内
2916,靺,272,革,739,末
2917,靼,272,革,211,旦
2918,鞁,272,革,679,皮
2919,鞄,272,革,698,包
2920,鞅,272,革,522,央
2921,鞆,272,革,317,丙
2922,鞋,272,革,785,圭
2923,鞍,272,革,685,安
2924,鞘,272,革,285,肖
2925,鞜,272,革,41,沓
2926,鞣,272,革,772,柔
2927,鞦,272,革,87,秋
2928,鞨,272,革,500,曷
2929,鞭,272,革,697,便
2930,鞳,272,革,18,荅
2931,韃,272,革,29,達
2932,韆,272,革,844,遷
2933,韈,272,革,498,蔑
2934,韵,17,音,710,匀
2935,韶,17,音,1,召
2936,韻,17,音,552,員
2937,頂,257,丁,201,頁
2938,頃,261,匕,201,頁
2939,項,73,工,201,頁
2940,順,251,川,201,頁
2941,須,69,彡,201,頁
2942,頌,35,公,201,頁
2943,頏,25,亢,201,頁
2944,預,83,予,201,頁
2945,頑,250,元,201,頁
2946,頒,89,分,201,頁
2947,頓,125,屯,201,頁
2948,頗,236,皮,201,頁
2949,領,49,令,201,頁
2950,頡,223,吉,201,頁
2951,頬,187,夾,201,頁
2952,頭,227,豆,201,頁
2953,頰,187,夾,201,頁
2954,頷,100,含,201,頁
2955,頻,206,歩,201,頁
2956,頼,228,束,201,頁
2957,頽,14,禿,201,頁
2958,顆,87,果,201,頁
2959,顋,195,思,201,頁
2960,額,92,客,201,頁
2961,顎,66,咢,201,頁
2962,顏,233,彦,201,頁
2963,顔,233,彦,201,頁
2964,願,188,原,201,頁
2965,顛,157,真,201,頁
2966,顧,102,雇,201,頁
2967,顫,190,亶,201,頁
2968,顱,135,盧,201,頁
2969,顳,23,聶,201,頁
2970,颯,253,立,810,風
2971,飄,3,票,810,風
2972,飜,98,番,950,飛
2973,飢,244,飠,948,几
2974,飩,244,飠,103,屯
2975,飫,244,飠,397,夭
2976,飮,244,飠,252,欠
2977,飯,244,飠,223,反
2978,飲,244,飠,252,欠
2979,飴,244,飠,244,台
2980,飼,244,飠,231,司
2981,飽,244,飠,698,包
2982,餃,244,飠,207,交
2983,餅,244,飠,31,并
2984,餉,244,飠,930,向
2985,餌,244,飠,572,耳
2986,餒,244,飠,426,妥
2987,餓,244,飠,678,我
2988,餔,244,飠,758,甫
2989,餘,275,𩙿,762,余
2990,餝,244,飠,164,芳
2991,餞,244,飠,370,戔
2992,餠,244,飠,31,并
2993,餤,244,飠,186,炎
2994,館,244,飠,755,官
2995,餬,244,飠,264,胡
2996,餽,244,飠,274,鬼
2997,餾,244,飠,747,留
2998,饅,244,飠,48,曼
2999,饋,244,飠,352,貴
3000,饌,244,飠,366,巽
3001,饐,244,飠,832,壹
3002,饑,244,飠,668,幾
3003,饒,244,飠,952,堯
3004,馘,136,首,354,或
3005,馭,46,馬,187,又
3006,馮,268,冫,270,馬
3007,馳,46,馬,215,也
3008,馴,46,馬,190,川
3009,馼,46,馬,848,文
3010,駁,46,馬,529,爻
3011,駄,46,馬,528,太
3012,駅,46,馬,386,尺
3013,駆,46,馬,545,区
3014,駈,46,馬,719,丘
3015,駐,46,馬,415,主
3016,駒,46,馬,153,句
3017,駘,46,馬,244,台
3018,駛,46,馬,50,史
3019,駝,46,馬,582,它
3020,駢,46,馬,31,并
3021,駭,46,馬,350,亥
3022,駮,46,馬,207,交
3023,駱,46,馬,740,各
3024,駲,46,馬,850,州
3025,駻,46,馬,309,旱
3026,騅,46,馬,826,隹
3027,騎,46,馬,123,奇
3028,騏,46,馬,240,其
3029,験,46,馬,320,僉
3030,騙,46,馬,671,扁
3031,騨,46,馬,885,単
3032,騷,46,馬,283,蚤
3033,騾,46,馬,249,累
3034,驂,46,馬,534,參
3035,驃,46,馬,728,票
3036,驅,46,馬,725,區
3037,驍,46,馬,952,堯
3038,驕,46,馬,62,喬
3039,驗,46,馬,320,僉
3040,驟,46,馬,468,聚
3041,驢,46,馬,111,盧
3042,驤,46,馬,163,襄
3043,驥,46,馬,546,冀
3044,驪,46,馬,811,麗
3045,骭,55,骨,554,干
3046,骰,55,骨,26,殳
3047,骸,55,骨,350,亥
3048,骼,55,骨,740,各
3049,髀,55,骨,43,卑
3050,髏,55,骨,837,婁
3051,髑,55,骨,403,蜀
3052,體,55,骨,102,豊
3053,髟,118,長,289,彡
3054,魂,260,云,274,鬼
3055,魏,165,委,274,鬼
3056,魴,163,魚,167,方
3057,鮃,163,魚,691,平
3058,鮎,163,魚,451,占
3059,鮑,163,魚,698,包
3060,鮒,163,魚,467,付
3061,鮓,163,魚,235,乍
3062,鮖,163,魚,695,石
3063,鮗,163,魚,701,冬
3064,鮟,163,魚,685,安
3065,鮠,163,魚,174,危
3066,鮨,163,魚,34,旨
3067,鮪,163,魚,768,有
3068,鮫,163,魚,207,交
3069,鮭,163,魚,785,圭
3070,鮮,163,魚,619,羊
3071,鮴,163,魚,324,休
3072,鮹,163,魚,285,肖
3073,鯀,163,魚,492,系
3074,鯆,163,魚,758,甫
3075,鯉,163,魚,700,里
3076,鯏,163,魚,140,利
3077,鯑,163,魚,371,希
3078,鯒,163,魚,889,甬
3079,鯖,163,魚,150,青
3080,鯛,163,魚,766,周
3081,鯡,163,魚,432,非
3082,鯢,163,魚,821,兒
3083,鯣,163,魚,791,易
3084,鯤,163,魚,121,昆
3085,鯨,163,魚,318,京
3086,鯰,163,魚,347,念
3087,鯱,163,魚,855,虎
3088,鯲,163,魚,601,於
3089,鯵,163,魚,351,参
3090,鰄,163,魚,573,威
3091,鰆,163,魚,597,春
3092,鰉,163,魚,505,皇
3093,鰊,163,魚,625,柬
3094,鰌,163,魚,900,酋
3095,鰍,163,魚,87,秋
3096,鰐,163,魚,57,咢
3097,鰓,163,魚,640,思
3098,鰔,163,魚,246,咸
3099,鰡,163,魚,747,留
3100,鰤,163,魚,7,師
3101,鰭,163,魚,903,耆
3102,鰯,163,魚,280,弱
3103,鰰,163,魚,149,神
3104,鰹,163,魚,692,堅
3105,鰺,163,魚,534,參
3106,鰻,163,魚,48,曼
3107,鰾,163,魚,728,票
3108,鱆,163,魚,797,章
3109,鱇,163,魚,429,康
3110,鱈,163,魚,709,雪
3111,鱒,163,魚,687,尊
3112,鱚,163,魚,946,喜
3113,鱠,163,魚,634,會
3114,鱧,163,魚,102,豊
3115,鱶,163,魚,46,養
3116,鱸,163,魚,111,盧
3117,鳩,59,九,284,鳥
3118,鳰,84,入,284,鳥
3119,鳴,201,口,284,鳥
3120,鴃,68,鳥,690,夬
3121,鴉,203,牙,284,鳥
3122,鴎,80,区,284,鳥
3123,鴒,49,令,284,鳥
3124,鴕,68,鳥,582,它
3125,鴣,258,古,284,鳥
3126,鴨,137,甲,284,鳥
3127,鴪,112,穴,284,鳥
3128,鴫,65,田,284,鳥
3129,鴻,115,江,284,鳥
3130,鴾,271,牟,284,鳥
3131,鴿,193,合,284,鳥
3132,鵁,269,交,284,鳥
3133,鵄,94,至,284,鳥
3134,鵈,123,耳,284,鳥
3135,鵐,171,巫,284,鳥
3136,鵙,273,貝,284,鳥
3137,鵜,149,弟,284,鳥
3138,鵝,238,我,284,鳥
3139,鵡,209,武,284,鳥
3140,鵤,36,角,284,鳥
3141,鵬,56,朋,284,鳥
3142,鵲,99,昔,284,鳥
3143,鵺,39,夜,284,鳥
3144,鶇,11,東,284,鳥
3145,鶉,111,享,284,鳥
3146,鶏,229,奚,284,鳥
3147,鶚,66,咢,284,鳥
3148,鶤,248,軍,284,鳥
3149,鶫,179,柬,284,鳥
3150,鶲,75,翁,284,鳥
3151,鶴,239,寉,284,鳥
3152,鶸,53,弱,284,鳥
3153,鶺,166,脊,284,鳥
3154,鶻,55,骨,284,鳥
3155,鷁,127,益,284,鳥
3156,鷄,229,奚,284,鳥
3157,鷆,43,眞,284,鳥
3158,鷏,157,真,284,鳥
3159,鷓,204,庶,284,鳥
3160,鷦,174,焦,284,鳥
3161,鷭,98,番,284,鳥
3162,鸚,199,嬰,284,鳥
3163,鹸,134,鹵,320,僉
3164,鹹,134,鹵,246,咸
3165,麒,266,鹿,240,其
3166,黏,279,黍,451,占
3167,黔,24,黑,133,今
3168,默,24,黑,83,犬
3169,黜,24,黑,437,出
3170,黝,24,黑,157,幼
3171,點,24,黑,451,占
3172,黠,24,黑,168,吉
3173,黥,24,黑,318,京
3174,黯,24,黑,239,音
3175,黷,24,黑,185,賣
3176,黼,169,黹,758,甫
3177,鼾,48,鼻,554,干
3178,齔,58,齒,938,匕
3179,齟,58,齒,794,且
3180,齠,58,齒,1,召
3181,齡,58,齒,47,令
3182,齢,28,歯,47,令
3183,齣,58,齒,153,句
3184,齦,58,齒,219,艮
3185,齪,58,齒,160,足
3186,齬,58,齒,591,吾
3187,齲,58,齒,905,禹
3188,齶,58,齒,57,咢
3189,齷,58,齒,535,屋
3190,龝,78,禾,731,龜
